CRIM,ZN,INDUS,CHAS,NOX,RM,AGE,DIS,RAD,TAX,PTRATIO,B,LSTAT,Target
0.0011270106242696968,0.8,0.05315249266862171,0.0,0.057613168724279795,0.4599147947327654,0.17095777548918642,0.8597934391919559,0.13043478260869565,0.28053435114503816,1.0,0.947106851260206,0.10596026490066227,20.6
0.0540161456888556,0.0,0.6466275659824048,0.0,0.6748971193415637,0.6080557707203719,0.8970133882595263,0.13289958596842444,1.0,0.91412213740458,0.8085106382978724,0.6407779299153101,0.40535320088300225,16.4
0.0007043956898671775,0.0,0.9233870967741936,0.0,0.4032921810699587,0.44713400464756015,0.6879505664263645,0.10197916192729421,0.043478260869565216,0.001908396946564861,0.6914893617021276,0.9803489020741417,0.34878587196467986,22.0
0.0006215586668207264,0.0,0.1440615835777126,0.0,0.11728395061728392,0.4525561580170411,0.5087538619979403,0.6257427544474271,0.08695652173913043,0.3148854961832061,0.6595744680851063,0.9181246513514886,0.3018763796909492,17.2
0.09210150671215922,0.0,0.6466275659824048,0.0,0.6748971193415637,0.4599147947327654,0.7971163748712667,0.14943355020701582,1.0,0.91412213740458,0.8085106382978724,0.0024849130280440194,0.4197019867549669,13.5
0.015945845942469516,0.0,0.7008797653958945,0.0,0.9999999999999999,0.5710689388071263,1.0,0.057227353382774473,0.17391304347826086,0.41221374045801523,0.22340425531914887,0.9173639636898424,0.15618101545253862,23.3
0.00207272393758427,0.22,0.19794721407624635,0.0,0.09465020576131689,0.6113477924089853,0.15036045314109167,0.6087174120751627,0.26086956521739135,0.2729007633587786,0.6914893617021276,0.9919874232973276,0.13327814569536423,26.2
0.0009262685304285002,0.21,0.18988269794721407,0.0,0.11111111111111105,0.46514329976762203,0.44078269824922767,0.5166477091769417,0.13043478260869565,0.10687022900763354,0.44680851063829796,0.9966022617779807,0.32339955849889623,19.7
0.26572903099341033,0.0,0.6466275659824048,0.0,0.588477366255144,0.5458946553059644,0.96086508753862,0.02266709131443652,1.0,0.91412213740458,0.8085106382978724,1.0,0.6059602649006623,13.1
0.0008579307963549013,0.0,0.4934017595307918,0.0,0.10699588477366251,0.4969016266460108,0.1596292481977343,0.3972610218845262,0.13043478260869565,0.1946564885496183,0.36170212765957444,1.0,0.1890176600441501,23.9
0.007099481307606574,0.0,0.28152492668621704,0.0,0.31481481481481477,0.4908985282726569,0.8403707518022657,0.3025524364165795,0.13043478260869565,0.22900763358778625,0.8936170212765959,0.9571986409047113,0.23537527593818985,18.2
0.0006726995697869887,0.0,0.10190615835777128,0.0,0.154320987654321,0.4467467079783115,0.23583934088568487,0.37104508849356205,0.13043478260869565,0.46374045801526714,0.457446808510638,0.9633348547086568,0.22737306843267108,19.3
0.001989999312126756,0.0,1.0,0.0,0.4609053497942387,0.35883036405886914,0.9824922760041195,0.05627189590063243,0.13043478260869565,1.0,0.7978723404255321,0.8659921902733405,0.6136865342163356,7.0
0.0015284948119520898,0.0,0.3500733137829912,0.0,0.33333333333333337,0.5214949651432997,0.8372811534500515,0.10186996678647801,0.21739130434782608,0.46755725190839686,0.5531914893617023,0.9793092956032254,0.24061810154525382,18.5
0.026672172649890052,0.0,0.7008797653958945,0.0,0.9999999999999999,0.49748257164988374,1.0,0.02566995768688292,0.17391304347826086,0.41221374045801523,0.22340425531914887,0.43204523555961255,0.7193708609271523,13.8
0.00029279571918046875,0.0,0.06304985337243403,0.0,0.15020576131687247,0.6655693261037955,0.44181256436663235,0.44817325629009513,0.08695652173913043,0.06679389312977096,0.6489361702127658,0.9942441300268777,0.03338852097130243,33.4
0.11148188577977175,0.0,0.6466275659824048,0.0,0.7304526748971193,0.5209140201394268,0.9649845520082388,0.09654670367168662,1.0,0.91412213740458,0.8085106382978724,0.9787514579846849,0.4059050772626932,12.6
0.0010898070223316026,0.25,0.17118768328445746,0.0,0.13991769547325106,0.4581719597211463,0.4562306900102987,0.5273215341917286,0.30434782608695654,0.1851145038167939,0.7553191489361701,1.0,0.20667770419426051,19.6
0.13534782782667573,0.0,0.6466275659824048,0.0,0.47119341563786,0.40414407436096045,0.8722966014418125,0.07408890304381456,1.0,0.91412213740458,0.8085106382978724,0.7328718494852682,0.3413355408388521,20.8
0.03279401972892399,0.0,0.7008797653958945,0.0,0.4526748971193414,0.4918667699457785,0.9279093717816684,0.10431775785977522,0.17391304347826086,0.41221374045801523,0.22340425531914887,0.6025660530452863,0.22295805739514352,25.0
0.004511526822335829,0.0,0.21041055718475074,1.0,0.2510288065843621,0.5040666150271108,0.9104016477857878,0.17389326174985215,0.30434782608695654,0.22900763358778625,0.5106382978723403,0.9957908616055583,0.5444260485651213,21.7
0.0008491637844178277,0.0,0.08907624633431087,0.0,0.12345679012345678,0.8247482571649886,0.35015447991761073,0.21458665089403522,0.043478260869565216,0.1698473282442748,0.574468085106383,0.9914549419341752,0.050772626931567325,43.8
0.12536916988086305,0.0,0.6466275659824048,0.0,0.7304526748971193,0.5941130906274205,0.9443872296601441,0.08987670048682832,1.0,0.91412213740458,0.8085106382978724,0.2721486890815964,0.5943708609271523,13.4
0.00030650822503076327,0.75,0.09127565982404694,0.0,0.08847736625514402,0.670604182804028,0.13285272914521115,0.38801583329541833,0.08695652173913043,0.12404580152671751,0.6063829787234043,0.99675439931031,0.006898454746136866,34.9
0.001776668688324633,0.22,0.19794721407624635,0.0,0.09465020576131689,0.5561580170410535,0.47579814624098876,0.6087174120751627,0.26086956521739135,0.2729007633587786,0.6914893617021276,0.9437344692935747,0.21495584988962468,24.5
0.0013613595972030085,0.0,0.23643695014662755,0.0,0.12962962962962965,0.6214175058094499,0.0,0.41711633832294476,0.08695652173913043,0.08778625954198471,0.5638297872340423,0.9708656625589535,0.0858167770419426,26.6
0.006111618898440686,0.2,0.12866568914956011,0.0,0.5390946502057613,0.7058481797056547,0.913491246138002,0.07216888848446244,0.17391304347826086,0.14694656488549612,0.042553191489361764,0.977154013895228,0.1757726269315673,36.5
0.00017477825079678655,0.6,0.09054252199413491,0.0,0.03292181069958855,0.6272269558481797,0.07209062821833163,0.4624960189271578,0.0,0.14885496183206098,0.31914893617021267,0.9910492418479641,0.09105960264900662,31.1
0.0014622926320682912,0.0,0.37133431085043994,0.0,0.21399176954732513,0.45120061967467084,0.19979402677651908,0.2555530278902589,0.13043478260869565,0.17175572519083965,0.6382978723404256,1.0,0.25220750551876375,22.6
0.0008716433022051957,0.0,0.45344574780058655,0.0,0.10699588477366251,0.4479085979860572,0.34706488156539655,0.30625597160926343,0.17391304347826086,0.4026717557251908,0.6489361702127658,0.9978700745473909,0.2033664459161148,20.3
0.008617185951020727,0.0,0.28152492668621704,0.0,0.31481481481481477,0.5681642137877615,0.9423274974253347,0.30189726557168206,0.13043478260869565,0.22900763358778625,0.8936170212765959,0.977280795172169,0.30546357615894043,18.4
0.0007172090150059773,0.0,0.49230205278592387,0.0,0.33950617283950624,0.5966305189775368,0.8465499485066941,0.20784385094863284,0.17391304347826086,0.1698473282442748,0.404255319148936,0.9895532227800599,0.21964679911699775,28.7
0.0001391482151038082,0.85,0.13526392961876835,0.0,0.09053497942386823,0.5722308288148722,0.2554067971163749,0.6732153419172846,0.13043478260869565,0.31297709923664113,0.5638297872340423,0.9886657538414728,0.12775938189845476,23.1
0.00224525423660232,0.22,0.19794721407624635,0.0,0.09465020576131689,0.3934934159566227,0.7579814624098867,0.6204012921424997,0.26086956521739135,0.2729007633587786,0.6914893617021276,0.9381053805973935,0.29718543046357615,17.6
0.0003453977908029099,0.2,0.10520527859237538,0.0,0.1191358024691358,0.6597598760650659,0.35324407826982496,0.37378406660903596,0.17391304347826086,0.05534351145038163,0.24468085106382986,0.9881586287337087,0.07891832229580573,35.4
8.991807114947215e-05,1.0,0.03152492668621701,0.0,0.053497942386831254,0.6303253292021688,0.3872296601441813,0.6540606942991036,0.17391304347826086,0.13167938931297707,0.26595744680851063,0.9898574978447183,0.06125827814569537,31.6
0.08616061975131359,0.0,0.6466275659824048,0.0,0.6337448559670781,0.42331525948876847,0.9886714727085479,0.04517038991764867,1.0,0.91412213740458,0.8085106382978724,0.9903646229524825,0.5019315673289184,8.5
0.0011683729369984539,0.25,0.17118768328445746,0.0,0.13991769547325106,0.5606119287374131,0.6683831101956745,0.5540288457163657,0.30434782608695654,0.1851145038167939,0.7553191489361701,1.0,0.13796909492273732,22.2
1.0,0.0,0.6466275659824048,0.0,0.588477366255144,0.6597598760650659,0.9165808444902164,0.025433368215114424,1.0,0.91412213740458,0.8085106382978724,1.0,0.4271523178807947,10.4
0.0010623820106310136,0.0,0.3500733137829912,0.0,0.33333333333333337,0.6107668474051123,0.8105046343975283,0.14017926202284003,0.21739130434782608,0.46755725190839686,0.5531914893617023,0.9966783305441452,0.2326158940397351,22.8
0.0004975841262233916,0.0,0.14772727272727273,0.0,0.13168724279835387,0.5476374903175832,0.4644696189495366,0.33144365075754134,0.08695652173913043,0.1145038167938931,0.6276595744680851,1.0,0.21771523178807944,23.9
0.0010855359139520027,0.3,0.16385630498533724,0.0,0.08847736625514402,0.5416343919442291,0.5149330587023686,0.5367396150871286,0.21739130434782608,0.215648854961832,0.4255319148936172,0.9387646432374868,0.26186534216335544,22.2
0.0001288076369216189,0.9500000000000001,0.03702346041055718,0.0,0.03703703703703709,0.6920991479473276,0.11328527291452112,0.592966013012421,0.08695652173913043,0.41030534351145037,0.46808510638297873,0.9680511182108628,0.0750551876379691,32.9
0.024151207127625664,0.0,0.7008797653958945,0.0,0.9999999999999999,0.40027110766847407,1.0,0.0345420628782019,0.17391304347826086,0.41221374045801523,0.22340425531914887,0.4228155585983062,0.41169977924944806,15.6
0.00134281399502843,0.45,0.1092375366568915,0.0,0.10699588477366251,0.5799767621998452,0.2698249227600412,0.31208881204786393,0.17391304347826086,0.4026717557251908,0.2765957446808509,0.9643491049241848,0.0780905077262693,29.8
0.009834002248850959,0.0,0.7855571847507332,0.0,0.4917695473251028,0.40201394268009294,0.945417095777549,0.07670048682833615,0.13043478260869565,0.4770992366412213,0.9148936170212765,1.0,0.4583333333333333,14.3
0.0005447911135768645,0.33,0.06304985337243403,0.0,0.17901234567901225,0.5915956622773043,0.568486096807415,0.2031939578688749,0.26086956521739135,0.06679389312977096,0.6170212765957446,0.9910238855925758,0.1986754966887417,28.4
0.0012219865869213266,0.0,0.08907624633431087,0.0,0.12345679012345678,0.5038729666924865,0.6869207003089598,0.21458665089403522,0.043478260869565216,0.1698473282442748,0.574468085106383,0.9871443785181805,0.2651766004415011,21.4
0.0044475725942307665,0.0,0.3460410557184751,0.0,0.3271604938271605,0.546281951975213,0.6622039134912462,0.21798079985440655,0.13043478260869565,0.22328244274809156,0.6170212765957446,0.9957147928393936,0.23813465783664456,23.1
0.2914950542812916,0.0,0.6466275659824048,0.0,0.6049382716049384,0.3375290472501936,0.8877445932028836,0.04645343282223942,1.0,0.91412213740458,0.8085106382978724,0.3165474922663421,0.6873620309050772,10.4
0.14688993623459987,0.0,0.6466275659824048,0.0,0.40123456790123446,0.4167312161115414,0.5540679711637487,0.1534828700122845,1.0,0.91412213740458,0.8085106382978724,1.0,0.3595474613686534,20.1
0.01823448564840146,0.0,0.7855571847507332,0.0,0.4917695473251028,0.2823392718822618,1.0,0.027517175485690895,0.13043478260869565,0.4770992366412213,0.9148936170212765,1.0,0.9017660044150109,14.4
0.10685987212751101,0.0,0.6466275659824048,0.0,0.6748971193415637,0.6132842757552285,0.9392378990731204,0.12367259656945269,1.0,0.91412213740458,0.8085106382978724,0.010548202241492978,0.46854304635761584,14.9
0.13758453984651883,0.0,0.6466275659824048,0.0,0.40946502057613154,0.4407436096049574,0.5849639546858908,0.0783111151553756,1.0,0.91412213740458,0.8085106382978724,0.056113393174096055,0.38520971302428253,10.2
0.041271270681718354,0.0,0.6466275659824048,0.0,0.7921810699588477,0.34876065065840434,0.96086508753862,0.08795668592747626,1.0,0.91412213740458,0.8085106382978724,0.9591510725696031,0.2334437086092715,20.8
0.02054009739026286,0.0,0.7008797653958945,1.0,0.4526748971193414,0.8212625871417506,0.9814624098867148,0.08223304062969199,0.17391304347826086,0.41221374045801523,0.22340425531914887,0.9815152898219992,0.005242825607064017,50.0
0.0004414977293439083,0.0,0.49230205278592387,1.0,0.33950617283950624,0.4506196746707979,0.5468589083419155,0.17972610218845264,0.17391304347826086,0.1698473282442748,0.404255319148936,0.9896039352908363,0.3250551876379691,23.3
0.0037627340848385995,0.0,0.25366568914956017,0.0,0.2222222222222222,0.5526723470178158,0.38311019567456234,0.32613858683288593,0.17391304347826086,0.19083969465648848,0.7446808510638299,1.0,0.12113686534216336,25.0
0.0008555704469872276,0.3,0.16385630498533724,0.0,0.08847736625514402,0.5654531371030208,0.16065911431513905,0.459793439191956,0.21739130434782608,0.215648854961832,0.4255319148936172,0.955651909326031,0.12775938189845476,23.7
0.23277405791712882,0.0,0.6466275659824048,0.0,0.5637860082304528,0.11173508907823393,1.0,0.003739933572955989,1.0,0.91412213740458,0.8085106382978724,0.9323495106242712,0.5963024282560707,11.9
0.00043048276562809796,0.25,0.16129032258064516,0.0,0.08436213991769548,0.5921766072811773,0.6951596292481977,0.3879794349151463,0.13043478260869565,0.1793893129770992,0.6808510638297873,0.9967797555656982,0.15149006622516556,23.9
0.054280729613212925,0.0,0.6466275659824048,0.0,0.40740740740740733,0.4539116963594113,0.518022657054583,0.18338413940579645,1.0,0.91412213740458,0.8085106382978724,0.9779907703230388,0.2682119205298013,20.6
0.004078683707340057,0.0,0.3460410557184751,0.0,0.3271604938271605,0.5821068938807127,0.8692070030895983,0.22433231721188412,0.13043478260869565,0.22328244274809156,0.6170212765957446,0.9969318930980274,0.20833333333333331,23.8
0.0008140957366695336,0.45,0.1092375366568915,0.0,0.10699588477366251,0.6237412858249419,0.3934088568486097,0.2412848628236044,0.17391304347826086,0.4026717557251908,0.2765957446808509,0.9923170546173742,0.1365894039735099,32.0
0.1781949127052886,0.0,0.6466275659824048,0.0,0.6049382716049384,0.45216886134779244,0.9526261585993822,0.07030347149551845,1.0,0.91412213740458,0.8085106382978724,0.013083827780313403,0.6252759381898454,8.3
0.0006557275338575257,0.7000000000000001,0.0652492668621701,0.0,0.030864197530864224,0.539116963594113,0.17713697219361485,0.6088357068110469,0.17391304347826086,0.3263358778625954,0.23404255319148937,0.9273289720574067,0.08940397350993376,22.5
0.0005786227878468533,0.0,0.07331378299120235,0.0,0.2119341563786007,0.6620836560805577,0.5715756951596292,0.1539651485508895,0.08695652173913043,0.011450381679389277,0.5531914893617023,1.0,0.09133554083885209,37.2
0.1536675108474913,0.0,0.6466275659824048,0.0,0.7304526748971193,0.4597211463981409,0.8753861997940269,0.06220483188498112,1.0,0.91412213740458,0.8085106382978724,0.168441604543841,0.8910044150110377,8.4
0.000488817114286318,0.21,0.18988269794721407,0.0,0.11111111111111105,0.4719209914794734,0.19052523171987643,0.5166477091769417,0.13043478260869565,0.10687022900763354,0.44680851063829796,1.0,0.184878587196468,23.4
0.09790313306031209,0.0,0.6466275659824048,0.0,0.6337448559670781,0.5635166537567778,0.9876416065911431,0.05356931616543063,1.0,0.91412213740458,0.8085106382978724,0.9875247223490037,0.42466887417218546,13.1
0.0060492382365807396,0.0,0.7855571847507332,0.0,0.4917695473251028,0.5015491866769947,0.9783728115345005,0.04838254697665954,0.13043478260869565,0.4770992366412213,0.9148936170212765,1.0,0.461644591611479,17.8
0.006429366882365133,0.2,0.12866568914956011,0.0,0.39094650205761294,0.9171185127807903,0.6601441812564366,0.11689339824377819,0.17391304347826086,0.14694656488549612,0.042553191489361764,0.9686596683401797,0.157560706401766,50.0
0.0008256726883300281,0.4,0.21810850439882698,0.0,0.12757201646090532,0.5656467854376453,0.30072090628218334,0.27328813867782886,0.13043478260869565,0.1278625954198473,0.5319148936170215,1.0,0.15066225165562916,29.1
0.0004211537657463403,0.8,0.10667155425219943,0.0,0.026748971193415683,0.43106119287374123,0.29042224510813597,0.4981573319987262,0.13043478260869565,0.28625954198473275,0.37234042553191493,1.0,0.2348233995584989,19.4
0.09875027368812907,0.0,0.6466275659824048,0.0,0.40946502057613154,0.38807126258714175,0.6972193614830071,0.08430774830520042,1.0,0.91412213740458,0.8085106382978724,0.0028652568588670825,0.4257726269315673,11.7
0.007309552401329528,0.2,0.12866568914956011,0.0,0.5390946502057613,0.6353601859024013,1.0,0.07950316210928614,0.17391304347826086,0.14694656488549612,0.042553191489361764,0.9873979410720626,0.14266004415011038,30.1
0.05113584507476013,0.0,0.6466275659824048,0.0,0.685185185185185,0.0,0.8753861997940269,0.04333227171390873,1.0,0.91412213740458,0.8085106382978724,0.892996602261778,0.14873068432671083,27.5
0.003953809986031228,0.0,0.21041055718475074,1.0,0.2510288065843621,0.6564678543764523,0.8815653964984552,0.15694071613813187,0.30434782608695654,0.22900763358778625,0.5106382978723403,0.9868147471981339,0.22019867549668876,26.7
0.0007000121838986407,0.0,0.08907624633431087,0.0,0.12345679012345678,0.7465143299767624,0.6138002059732235,0.21458665089403522,0.043478260869565216,0.1698473282442748,0.574468085106383,1.0,0.1230684326710817,33.2
0.0006176247512079369,0.4,0.21810850439882698,1.0,0.12757201646090532,0.632261812548412,0.2543769309989702,0.3390327130442696,0.13043478260869565,0.1278625954198473,0.5319148936170215,0.9912520918910696,0.06705298013245034,33.1
0.026128730307380426,0.0,0.7008797653958945,0.0,0.9999999999999999,0.31467854376452353,0.9361483007209063,0.035725010237044455,0.17391304347826086,0.41221374045801523,0.22340425531914887,0.8988031847456769,0.7337196467991169,17.8
0.006980677056100335,0.0,0.28152492668621704,0.0,0.31481481481481477,0.44016266460108444,0.5520082389289392,0.30589198780654264,0.13043478260869565,0.22900763358778625,0.8936170212765959,0.99675439931031,0.1859823399558499,19.9
0.017002383278475815,0.0,0.7008797653958945,1.0,0.4526748971193414,0.9322230828814874,0.9371781668383111,0.09327084944719959,0.17391304347826086,0.41221374045801523,0.22340425531914887,0.9785739641969675,0.043874172185430466,50.0
9.767350478611415e-05,0.9,0.02749266862170088,1.0,0.03292181069958855,0.8446940356312936,0.2255406797116375,0.4320487738295646,0.0,0.020992366412213692,0.10638297872340408,0.996500836756428,0.03945916114790288,50.0
0.002046085709006239,0.0,0.23643695014662755,0.0,0.12962962962962965,0.4308675445391169,0.31307929969104015,0.3606533509258838,0.08695652173913043,0.08778625954198471,0.5638297872340423,1.0,0.34271523178807944,20.0
0.000512083415196244,0.0,0.14772727272727273,0.0,0.13168724279835387,0.4752130131680866,0.4346035015447992,0.2993948769279767,0.08695652173913043,0.1145038167938931,0.6276595744680851,0.9976925807596736,0.30711920529801323,22.5
0.0008297190015317544,0.0,0.20161290322580644,0.0,0.23456790123456794,0.44326103795507354,0.39752832131822863,0.25453387324264076,0.17391304347826086,0.17557251908396948,0.7021276595744679,1.0,0.19426048565121412,21.0
0.5141040990501504,0.0,0.6466275659824048,0.0,0.6337448559670781,0.1855151045701008,1.0,0.047427089494517474,1.0,0.91412213740458,0.8085106382978724,0.21742988995385162,0.9726821192052979,7.0
0.22567839812754611,0.0,0.6466275659824048,0.0,0.648148148148148,0.15627420604182807,0.9093717816683832,0.027526275080758902,1.0,0.91412213740458,0.8085106382978724,0.7183680714032152,0.7974613686534215,8.8
0.0004396993679209189,0.0,0.10190615835777128,0.0,0.154320987654321,0.5001936483346244,0.3017507723995881,0.4310114199918104,0.13043478260869565,0.46374045801526714,0.457446808510638,0.9281657284852174,0.2030905077262693,19.8
0.0014928647762591117,0.0,0.1315982404692082,0.0,0.257201646090535,0.389426800929512,0.8815653964984552,0.13277219163747211,0.17391304347826086,0.20801526717557245,0.4255319148936172,1.0,0.3576158940397351,23.1
0.002125101214028838,0.0,0.3793988269794722,0.0,0.057613168724279795,0.5197521301316809,0.03398558187435634,0.3776604941080122,0.13043478260869565,0.22519083969465642,0.7021276595744679,0.9499721081190731,0.16032008830022074,23.4
0.000563336715751443,0.4,0.21810850439882698,1.0,0.12757201646090532,0.6190937257939583,0.30895983522142123,0.2675826925701807,0.13043478260869565,0.1278625954198473,0.5319148936170215,1.0,0.04966887417218542,32.4
0.0014980350653502061,0.0,0.29692082111436957,0.0,0.2777777777777778,0.5046475600309838,0.8970133882595263,0.11683880067337003,0.17391304347826086,0.37595419847328243,0.8829787234042552,0.9893250164815661,0.2924944812362031,20.1
0.0023701279579111494,0.0,0.37133431085043994,1.0,0.21399176954732513,0.43493415956622783,0.5242018537590113,0.2289094135310979,0.13043478260869565,0.17175572519083965,0.6382978723404256,0.9848876717886303,0.3945916114790287,22.4
0.004075761370027699,0.22,0.19794721407624635,0.0,0.09465020576131689,0.9097598760650659,0.05664263645726057,0.7070112379999091,0.26086956521739135,0.2729007633587786,0.6914893617021276,1.0,0.04994481236203091,42.8
0.011774883814612317,0.0,0.28152492668621704,0.0,0.31481481481481477,0.4597211463981409,0.2718846549948507,0.30589198780654264,0.13043478260869565,0.22900763358778625,0.8936170212765959,0.9745169633348548,0.13383002207505518,23.1
0.029551124492918274,0.0,0.3460410557184751,0.0,0.3271604938271605,0.2734314484895429,0.35942327497425336,0.1257928022203012,0.13043478260869565,0.22328244274809156,0.6170212765957446,0.8822201937217913,0.3010485651214128,16.1
0.0003709120434915727,0.0,0.10813782991202346,0.0,0.21399176954732513,0.5507358636715726,0.7312049433573636,0.17790618317484874,0.043478260869565216,0.1583969465648855,0.5531914893617023,0.9915056544449518,0.17853200883002204,22.0
0.0005651350771744325,0.0,0.10813782991202346,0.0,0.21399176954732513,0.6673121611154144,0.858908341915551,0.20789844851904093,0.043478260869565216,0.1583969465648855,0.5531914893617023,1.0,0.10402869757174393,23.6
0.42323964020183014,0.0,0.6466275659824048,0.0,0.6049382716049384,0.5114252517428349,0.780638516992791,0.06605396059875336,1.0,0.91412213740458,0.8085106382978724,0.041330696282772965,0.35292494481236203,10.9
0.003198610585964598,0.0,0.7855571847507332,0.0,0.4917695473251028,0.506003098373354,0.9340885684860968,0.043213976978024496,0.13043478260869565,0.4770992366412213,0.9148936170212765,0.9776357827476039,0.6189293598233996,14.0
9.070485427203005e-05,0.6,0.09054252199413491,0.0,0.03292181069958855,0.5892718822618125,0.16374871266735327,0.4624960189271578,0.0,0.14885496183206098,0.31914893617021267,0.9487803641158274,0.07312362030905077,29.1
0.0025001719683110735,0.0,0.29692082111436957,0.0,0.2777777777777778,0.5507358636715726,0.8496395468589084,0.14356431138814324,0.17391304347826086,0.37595419847328243,0.8829787234042552,0.17313251179065875,0.24558498896247244,18.6
0.007386657147340201,0.2,0.12866568914956011,0.0,0.5390946502057613,0.7304415182029435,1.0,0.06893853223531553,0.17391304347826086,0.14694656488549612,0.042553191489361764,0.9654901364166542,0.1672185430463576,36.0
0.0008783871575414062,0.0,0.1315982404692082,0.0,0.257201646090535,0.4450038729666924,0.6776519052523172,0.14239956321943675,0.17391304347826086,0.20801526717557245,0.4255319148936172,0.9906942542725292,0.21826710816777045,22.6
0.013500074407203876,0.0,0.7008797653958945,0.0,0.4526748971193414,0.44810224632068174,0.9443872296601441,0.117284680831703,0.17391304347826086,0.41221374045801523,0.22340425531914887,0.7347482123839952,0.3504415011037527,17.4
0.003748571988632558,0.22,0.19794721407624635,0.0,0.09465020576131689,0.4932223082881487,0.329557157569516,0.6295554847809273,0.26086956521739135,0.2729007633587786,0.6914893617021276,0.9829605963791268,0.20502207505518766,24.3
0.01368170891092581,0.0,0.7008797653958945,0.0,0.4526748971193414,0.6549186676994577,0.9732234809474769,0.06736430228854816,0.17391304347826086,0.41221374045801523,0.22340425531914887,0.9151326132156804,0.07891832229580573,41.3
0.0009209858437484687,0.0,0.3793988269794722,0.0,0.057613168724279795,0.5530596436870642,0.03810504634397528,0.3776604941080122,0.13043478260869565,0.22519083969465642,0.7021276595744679,0.9666058116537352,0.1376931567328918,24.2
0.0036360620021067803,0.0,0.7855571847507332,0.0,0.4917695473251028,0.4378388845855926,0.9526261585993822,0.12128850266163156,0.13043478260869565,0.4770992366412213,0.9148936170212765,0.9791825143262844,0.3669977924944812,18.4
0.0003311232970079312,0.2,0.10520527859237538,0.0,0.1191358024691358,0.8247482571649886,0.6343975283213182,0.32373629373492885,0.17391304347826086,0.05534351145038163,0.24468085106382986,0.9756833510827122,0.05601545253863134,45.4
0.00261661587044964,0.0,0.33834310850439886,0.0,0.41152263374485576,0.4759876065065841,0.6426364572605561,0.11575594886027572,0.21739130434782608,0.38931297709923657,0.7021276595744679,1.0,0.3087748344370861,21.2
0.1036977907579509,0.0,0.6466275659824048,0.0,0.5061728395061728,0.5141363284275756,1.0,0.002920970016834251,1.0,0.91412213740458,0.8085106382978724,0.9220295146812719,0.2152317880794702,50.0
0.006937628779537524,0.0,0.21041055718475074,1.0,0.2510288065843621,0.6425251742835011,0.7703398558187435,0.19428545429728378,0.30434782608695654,0.22900763358778625,0.5106382978723403,0.9834930777422791,0.22626931567328917,27.5
0.00020973390095614382,0.0,0.05241935483870967,0.0,0.27366255144032914,0.5768783888458558,0.5849639546858908,0.466800127394331,0.0,0.44847328244274803,0.35106382978723394,0.9824027587605862,0.19094922737306844,16.5
0.0006270661486786315,0.4,0.028958944281524925,0.0,0.09053497942386823,0.5671959721146399,0.427394438722966,0.6965831020519586,0.0,0.282442748091603,0.7553191489361701,1.0,0.11727373068432673,22.9
0.0007431728580503874,0.6,0.045087976539589444,0.0,0.053497942386831254,0.4498450813323006,0.16065911431513905,0.8711315346467082,0.13043478260869565,0.42748091603053434,0.6063829787234043,0.9884121912875907,0.1672185430463576,18.6
0.0011801746838368222,0.0,1.0,0.0,0.4609053497942387,0.4690162664601084,0.8300720906282183,0.08852996041676146,0.13043478260869565,1.0,0.7978723404255321,1.0,0.3206401766004415,20.1
0.006395085617739396,0.0,0.21041055718475074,0.0,0.2510288065843621,0.924864446165763,0.7250257466529351,0.24581646116747807,0.30434782608695654,0.22900763358778625,0.5106382978723403,0.9721334753283637,0.02041942604856513,41.7
0.008951231585341017,0.0,0.28152492668621704,0.0,0.31481481481481477,0.36696359411309076,0.34706488156539655,0.24200373083397791,0.13043478260869565,0.22900763358778625,0.8936170212765959,0.7263806481058879,0.2748344370860927,20.2
0.0005387216437742751,0.0,0.1315982404692082,0.0,0.257201646090535,0.5333075135553834,0.7260556127703399,0.19841667045816463,0.17391304347826086,0.20801526717557245,0.4255319148936172,0.9967036867995337,0.12582781456953643,24.6
0.27410939522454114,0.0,0.6466275659824048,0.0,0.648148148148148,0.21127033307513554,1.0,0.030046862914600306,1.0,0.91412213740458,0.8085106382978724,1.0,0.7326158940397351,10.5
0.013998782509316635,0.0,0.28152492668621704,0.0,0.31481481481481477,0.38903950426026335,0.98043254376931,0.24213112516493018,0.13043478260869565,0.22900763358778625,0.8936170212765959,0.9484507327957808,0.5322847682119205,13.6
7.63179628881145e-05,0.9,0.02785923753665689,0.0,0.03703703703703709,0.7141750580945004,0.1956745623069001,0.6878929887620001,0.17391304347826086,0.07442748091603052,0.5638297872340423,0.9975404432273444,0.08498896247240617,35.4
3.079693936869422e-05,0.9,0.09200879765395896,0.0,0.030864197530864224,0.6829976762199846,0.18434603501544802,0.5614723144820055,0.0,0.18702290076335876,0.2872340425531916,0.9944723363253717,0.16887417218543044,32.2
0.0791739856229996,0.0,0.6466275659824048,0.0,0.47119341563786,0.49225406661502713,0.8465499485066941,0.08051321716183628,1.0,0.91412213740458,0.8085106382978724,0.0,0.5949227373068433,13.4
0.050979050438193244,0.0,0.6466275659824048,0.0,0.7921810699588477,0.5493803253292021,0.8764160659114315,0.125683607079485,1.0,0.91412213740458,0.8085106382978724,0.9433541254627518,0.1672185430463576,25.0
0.018056672662703374,0.0,0.28152492668621704,0.0,0.31481481481481477,0.4908985282726569,0.9680741503604532,0.23866417944401475,0.13043478260869565,0.22900763358778625,0.8936170212765959,0.6232314011866729,0.5135209713024282,13.5
0.0007031593163888723,0.0,0.07331378299120235,0.0,0.2119341563786007,0.5001936483346244,0.6107106076210093,0.13293598434869652,0.08695652173913043,0.011450381679389277,0.5531914893617023,1.0,0.21302428256070638,36.2
0.0008627638926791854,0.0,0.07331378299120235,0.0,0.2119341563786007,0.3956235476374904,0.8949536560247168,0.16842440511397244,0.08695652173913043,0.011450381679389277,0.5531914893617023,0.9850398093209596,0.3380242825607064,26.4
0.018548749307068863,0.0,0.7008797653958945,0.0,0.9999999999999999,0.4959333849728892,0.972193614830072,0.04376905227717366,0.17391304347826086,0.41221374045801523,0.22340425531914887,0.9388914245144279,0.3413355408388521,21.5
0.002761271567411353,0.0,0.37133431085043994,0.0,0.21399176954732513,0.4302865995352442,0.7188465499485067,0.29281586969379864,0.13043478260869565,0.17175572519083965,0.6382978723404256,0.9810588772250115,0.45060706401766,22.5
0.0009688672166355626,0.3,0.16385630498533724,0.0,0.08847736625514402,0.5896591789310611,0.40473738414006183,0.459793439191956,0.21739130434782608,0.215648854961832,0.4255319148936172,0.966732592930676,0.15562913907284767,23.3
0.00033528200779859435,0.8,0.16458944281524926,0.0,0.053497942386831254,0.594306738962045,0.21112255406797117,0.362136584921971,0.13043478260869565,0.11068702290076332,0.7021276595744679,1.0,0.08195364238410596,27.9
0.06365817285580244,0.0,0.6466275659824048,1.0,0.5061728395061728,0.6045701006971339,0.9670442842430483,0.019991810364438783,1.0,0.91412213740458,0.8085106382978724,0.9453065571276434,0.05518763796909493,50.0
0.0013824903439231344,0.0,0.4934017595307918,0.0,0.10699588477366251,0.6036018590240123,0.29042224510813597,0.4389098685108513,0.13043478260869565,0.1946564885496183,0.36170212765957444,1.0,0.12527593818984545,28.6
0.0012870647909157572,0.0,0.08907624633431087,0.0,0.12345679012345678,0.8729666924864449,0.752832131822863,0.21458665089403522,0.043478260869565216,0.1698473282442748,0.574468085106383,1.0,0.0684326710816777,38.7
0.0036431430502098018,0.0,0.21041055718475074,0.0,0.2510288065843621,0.4889620449264137,0.6035015447991761,0.22884571636562173,0.30434782608695654,0.22900763358778625,0.5106382978723403,0.9489071453927685,0.2524834437086093,24.0
0.06592939093544917,0.0,0.6466275659824048,0.0,0.6337448559670781,0.5507358636715726,0.9588053553038105,0.04911961417716913,1.0,0.91412213740458,0.8085106382978724,1.0,0.4867549668874172,12.5
0.0571412482516555,0.0,0.6466275659824048,0.0,0.6748971193415637,0.5298218435321457,0.9155509783728115,0.11203421447745575,1.0,0.91412213740458,0.8085106382978724,0.9700542623865308,0.4288079470198675,16.1
0.015820297835627068,0.0,0.7008797653958945,1.0,0.9999999999999999,0.4972889233152594,0.9588053553038105,0.055725920196551246,0.17391304347826086,0.41221374045801523,0.22340425531914887,0.807596734114306,0.3694812362030905,17.0
0.0009741499033155941,0.0,0.9233870967741936,0.0,0.4032921810699587,0.4647560030983734,0.9268795056642637,0.08643705355111699,0.043478260869565216,0.001908396946564861,0.6914893617021276,0.9523048836147878,0.4470198675496688,20.5
0.0024255399692570115,0.0,0.3500733137829912,0.0,0.33333333333333337,0.4901239349341596,0.9526261585993822,0.12839528640975478,0.21739130434782608,0.46755725190839686,0.5531914893617023,1.0,0.423841059602649,18.7
0.10922640336257619,0.0,0.6466275659824048,0.0,0.7304526748971193,0.5509295120061967,0.9711637487126674,0.08445334182628873,1.0,0.91412213740458,0.8085106382978724,0.9722602566053046,0.4908940397350993,17.1
7.51939869987461e-05,0.35000000000000003,0.03885630498533725,0.0,0.11728395061728392,0.7126258714175059,0.47785787847579814,0.536958005368761,0.0,0.1851145038167939,0.3085106382978724,0.994523048836148,0.10375275938189846,32.7
0.025936642827887366,0.0,0.7008797653958945,0.0,0.4526748971193414,0.44907048799380334,0.972193614830072,0.11389963146639977,0.17391304347826086,0.41221374045801523,0.22340425531914887,0.8763375424717279,0.2842163355408388,19.1
0.0013678786573613452,0.0,0.29692082111436957,0.0,0.2777777777777778,0.5640975987606508,0.9701338825952626,0.11792165248646437,0.17391304347826086,0.37595419847328243,0.8829787234042552,0.9957908616055583,0.29083885209713023,19.8
0.0005635615109293168,0.0,0.45344574780058655,0.0,0.10699588477366251,0.5172347017815647,0.5231719876416066,0.352800400382183,0.17391304347826086,0.4026717557251908,0.6489361702127658,0.9733759318423856,0.29277041942604853,21.2
0.0004115999706867088,0.28,0.5344574780058651,0.0,0.1625514403292181,0.5205267234701781,0.7662203913491246,0.2254879657855226,0.13043478260869565,0.1583969465648855,0.5957446808510638,1.0,0.24448123620309048,20.6
0.0018589437234264,0.25,0.17118768328445746,0.0,0.13991769547325106,0.465724244771495,0.9320288362512874,0.5169934937895264,0.30434782608695654,0.1851145038167939,0.7553191489361701,0.9522795273593996,0.3507174392935982,16.0
0.0003141512610784684,0.0,0.17338709677419356,0.0,0.2674897119341565,0.4469403563129356,0.446961894953656,0.37254652167978525,0.17391304347826086,0.07061068702290074,0.8085106382978724,1.0,0.222682119205298,19.5
0.03548706595985068,0.0,0.6466275659824048,0.0,0.5555555555555557,0.4256390395042603,0.4665293511843461,0.17557668683743577,1.0,0.91412213740458,0.8085106382978724,0.8415234038237234,0.34216335540838855,19.9
0.00182870877200239,0.0,0.9233870967741936,0.0,0.4032921810699587,0.46959721146398137,0.8805355303810505,0.07788343418717865,0.043478260869565216,0.001908396946564861,0.6914893617021276,0.9698767685988133,0.3609271523178808,21.4
0.1149454174828605,0.0,0.6466275659824048,0.0,0.47119341563786,0.5081332300542215,0.9660144181256437,0.09404431502798126,1.0,0.91412213740458,0.8085106382978724,0.9563872407322888,0.44977924944812364,14.6
0.1500898955916317,0.0,0.6466275659824048,0.0,0.6337448559670781,0.45042602633617335,0.945417095777549,0.058701487783793624,1.0,0.91412213740458,0.8085106382978724,1.0,0.4034216335540839,12.7
0.04122012977875209,0.0,0.6466275659824048,0.0,0.40740740740740733,0.5327265685515105,0.5046343975283213,0.2597661404067519,1.0,0.91412213740458,0.8085106382978724,0.979005020538567,0.24420529801324503,21.2
0.07886118313298839,0.0,0.6466275659824048,0.0,0.685185185185185,0.47347017815646797,0.9515962924819773,0.06711861322171163,1.0,0.91412213740458,0.8085106382978724,0.8049596835539329,0.385485651214128,14.2
0.002422842427122527,0.2,0.2382697947214076,1.0,0.1625514403292181,0.7997676219984508,0.5036045314109165,0.2938714227216889,0.08695652173913043,0.06870229007633583,0.6382978723404256,0.9844566154470309,0.13383002207505518,35.2
0.1622119755584699,0.0,0.6466275659824048,0.0,0.4362139917695472,0.6372966692486445,1.0,0.02989216979844396,1.0,0.91412213740458,0.8085106382978724,0.44840002028500436,0.49806843267108164,27.5
0.00836170623136729,0.0,0.28152492668621704,0.0,0.31481481481481477,0.4575910147172736,0.9392378990731204,0.2968833886892034,0.13043478260869565,0.22900763358778625,0.8936170212765959,0.9934834423652316,0.40204194260485654,15.6
0.0019699925412959983,0.0,0.25366568914956017,0.0,0.2222222222222222,0.5451200619674671,0.529351184346035,0.3096956185449748,0.17391304347826086,0.19083969465648848,0.7446808510638299,1.0,0.14183222958057395,23.1
0.09537845841761279,0.0,0.6466275659824048,0.0,0.40946502057613154,0.5396979085979862,0.8568486096807414,0.08332499203785433,1.0,0.91412213740458,0.8085106382978724,0.20520817485673717,0.4390176600441501,14.5
0.0024509418243567373,0.0,0.33834310850439886,0.0,0.41152263374485576,0.47753679318357867,0.7909371781668383,0.12386368806588109,0.21739130434782608,0.38931297709923657,0.7021276595744679,1.0,0.347682119205298,16.8
0.004282685331260422,0.0,0.9233870967741936,0.0,0.4032921810699587,0.3973663826491093,0.9546858908341915,0.056435688611856785,0.043478260869565216,0.001908396946564861,0.6914893617021276,0.9046351234849639,0.7044701986754967,15.7
0.001927731047855746,0.0,0.33834310850439886,0.0,0.41152263374485576,0.38884585592563903,0.7270854788877446,0.11491878611401794,0.21739130434782608,0.38931297709923657,0.7021276595744679,0.9971347431411329,0.3689293598233995,17.5
0.0011174568292100654,0.0,1.0,0.0,0.4609053497942387,0.4690162664601084,0.9876416065911431,0.06652713954229038,0.13043478260869565,1.0,0.7978723404255321,0.9827831025914094,0.4508830022075055,13.6
0.0006755095095104097,0.0,0.1315982404692082,0.0,0.257201646090535,0.638845855925639,0.7363542739443872,0.16181809909459027,0.17391304347826086,0.20801526717557245,0.4255319148936172,0.985724428216441,0.1432119205298013,29.9
0.15631222611517515,0.0,0.6466275659824048,0.0,0.6748971193415637,0.5125871417505811,0.9485066941297631,0.09874880567814733,1.0,0.91412213740458,0.8085106382978724,0.2487702216136721,0.3708609271523179,11.7
0.11034262381830795,0.0,0.6466275659824048,0.0,0.588477366255144,0.6260650658404338,0.9876416065911431,0.020110105100323045,1.0,0.91412213740458,0.8085106382978724,1.0,0.5383554083885209,13.3
0.006838044515739485,0.0,0.21041055718475074,0.0,0.2510288065843621,0.5919829589465532,0.8022657054582903,0.19428545429728378,0.30434782608695654,0.22900763358778625,0.5106382978723403,1.0,0.1619757174392936,30.1
0.0008225255558397966,0.6,0.045087976539589444,0.0,0.053497942386831254,0.5844306738962045,0.33985581874356335,0.8711315346467082,0.13043478260869565,0.42748091603053434,0.6063829787234043,0.9337694609260104,0.10375275938189846,24.1
0.00025210779198533257,0.28,0.5344574780058651,0.0,0.1625514403292181,0.513168086754454,0.26776519052523173,0.23011965967514447,0.13043478260869565,0.1583969465648855,0.5957446808510638,0.9985546934428725,0.12362030905077262,25.0
0.001369452223606461,0.125,0.2056451612903226,0.0,0.0493827160493826,0.45003872966692493,0.309989701338826,0.48782929159652405,0.13043478260869565,0.30152671755725186,0.6702127659574466,1.0,0.19481236203090505,20.9
0.0010241668303924878,0.0,0.20161290322580644,0.0,0.23456790123456794,0.4415182029434547,0.6024716786817713,0.20391282587924842,0.17391304347826086,0.17557251908396948,0.7021276595744679,0.9509610020792131,0.2671081677704194,20.0
0.014242348084542769,0.0,0.7008797653958945,1.0,0.4526748971193414,0.5207203718048025,0.9237899073120494,0.06018472177988078,0.17391304347826086,0.41221374045801523,0.22340425531914887,0.8529844312591918,0.10402869757174393,27.0
0.0012492992010329788,0.125,0.27162756598240473,0.0,0.28600823045267487,0.4740511231603409,0.82389289392379,0.4631420901769872,0.17391304347826086,0.2366412213740458,0.2765957446808509,1.0,0.31843267108167767,18.9
0.031172572110921132,0.0,0.7008797653958945,0.0,0.9999999999999999,0.2598760650658404,0.9773429454170957,0.01900905409709268,0.17391304347826086,0.41221374045801523,0.22340425531914887,1.0,0.760485651214128,11.8
0.00012105220328497691,0.9,0.057184750733137835,0.0,0.05144032921810693,0.6132842757552285,0.34191555097837284,1.0000000000000002,0.17391304347826086,0.0,0.46808510638297873,0.968456818297074,0.07643487858719647,30.1
0.0028417482410901308,0.0,0.7855571847507332,0.0,0.4917695473251028,0.412858249419055,0.9588053553038105,0.059265662678010825,0.13043478260869565,0.4770992366412213,0.9148936170212765,0.9878543536690503,0.42660044150110377,16.2
0.17835339330568953,0.0,0.6466275659824048,0.0,0.588477366255144,0.5778466305189774,0.9907312049433572,0.03477865234997042,1.0,0.91412213740458,0.8085106382978724,1.0,0.5339403973509933,10.9
0.0018401733260739476,0.125,0.27162756598240473,0.0,0.28600823045267487,0.4730828814872191,0.8547888774459321,0.49639201055553034,0.17391304347826086,0.2366412213740458,0.2765957446808509,0.9741619757594199,0.4241169977924945,18.9
0.06535728720776066,0.0,0.6466275659824048,0.0,0.6748971193415637,0.5716498838109992,0.8959835221421216,0.15147185950225217,1.0,0.91412213740458,0.8085106382978724,0.9921902733404332,0.23620309050772625,20.2
0.000718220593306409,0.0,0.1315982404692082,0.0,0.257201646090535,0.4761812548412082,0.4562306900102987,0.22001910914964284,0.17391304347826086,0.20801526717557245,0.4255319148936172,0.9906942542725292,0.23123620309050769,23.2
0.0051325235012118706,0.0,0.21041055718475074,0.0,0.24485596707818924,0.7457397366382649,0.7621009268795057,0.2306292369989536,0.30434782608695654,0.22900763358778625,0.5106382978723403,0.947360413814088,0.09713024282560706,31.7
0.001889853060384031,0.0,0.37133431085043994,1.0,0.21399176954732513,0.4645623547637491,0.9186405767250256,0.2493380044588016,0.13043478260869565,0.17175572519083965,0.6382978723404256,0.9907449667833056,0.4288079470198675,21.7
0.0035867194605635074,0.0,0.7855571847507332,0.0,0.4917695473251028,0.5557707203718049,0.9876416065911431,0.06146776468447153,0.13043478260869565,0.4770992366412213,0.9148936170212765,1.0,0.3769315673289183,18.0
0.04598275281477283,0.0,0.7008797653958945,0.0,0.9999999999999999,0.3692873741285826,1.0,0.0250056872469175,0.17391304347826086,0.41221374045801523,0.22340425531914887,1.0,0.6812913907284768,15.6
0.0011217279375896653,0.3,0.16385630498533724,0.0,0.08847736625514402,0.4907048799380326,0.6405767250257466,0.4730970471814005,0.21739130434782608,0.215648854961832,0.4255319148936172,0.9942187737714895,0.2944260485651214,20.1
0.0015536718718739421,0.125,0.27162756598240473,0.0,0.28600823045267487,0.5056158017041054,0.9598352214212151,0.43800900859911734,0.17391304347826086,0.2366412213740458,0.2765957446808509,1.0,0.4806843267108167,27.1
0.0004706087048785499,0.8,0.11656891495601175,0.0,0.014403292181069949,0.4932223082881487,0.2996910401647786,0.7355475681332181,0.0,0.24427480916030536,0.404255319148936,0.9898321415893302,0.13355408388520973,21.9
0.07342305058745724,0.0,0.6466275659824048,1.0,0.5061728395061728,0.6690549961270332,0.9742533470648815,0.0059511351744847285,1.0,0.91412213740458,0.8085106382978724,0.987702216136721,0.033940397350993384,50.0
0.0003491069112378256,0.0,0.17338709677419356,0.0,0.2674897119341565,0.5323392718822618,0.36663233779608656,0.4842258519495883,0.17391304347826086,0.07061068702290074,0.8085106382978724,0.9809828084588469,0.13852097130242824,20.7
0.0023032513924937294,0.125,0.27162756598240473,0.0,0.28600823045267487,0.400852052672347,1.0,0.449984075708631,0.17391304347826086,0.2366412213740458,0.2765957446808509,0.9739591257163143,0.7781456953642383,16.5
0.027429058013790735,0.0,0.7008797653958945,0.0,0.9999999999999999,0.3313323005422154,0.9382080329557158,0.05454297283770872,0.17391304347826086,0.41221374045801523,0.22340425531914887,0.21834271514782697,0.3976269315673289,13.1
0.010671589081608293,0.0,0.28152492668621704,0.0,0.31481481481481477,0.48140975987606505,0.8846549948506693,0.30177897083579786,0.13043478260869565,0.22900763358778625,0.8936170212765959,0.7704751762259751,0.429083885209713,14.8
0.00876004328655945,0.2,0.12866568914956011,0.0,0.5390946502057613,0.6686676994577848,0.8414006179196704,0.09062286728240591,0.17391304347826086,0.14694656488549612,0.042553191489361764,0.967467924336934,0.3603752759381898,30.7
0.00014825241980769222,0.17500000000000002,0.03372434017595308,0.0,0.0639917695473251,0.6860960495739737,0.5829042224510813,0.7357841576049865,0.08695652173913043,0.05534351145038163,0.6382978723404256,0.9907196105279173,0.17439293598233996,33.0
0.000327751369339826,0.8,0.11656891495601175,0.0,0.014403292181069949,0.44829589465530606,0.16683831101956748,0.7355475681332181,0.0,0.24427480916030536,0.404255319148936,0.9956387240732291,0.20750551876379691,20.9
0.04963432568415288,0.0,0.6466275659824048,0.0,0.40946502057613154,0.472889233152595,0.9433573635427395,0.12769461758951728,1.0,0.91412213740458,0.8085106382978724,0.833637608397992,0.5405629139072847,19.1
0.024085229742919736,0.0,0.7008797653958945,0.0,0.9999999999999999,0.4159566227730441,0.984552008238929,0.04424223122071068,0.17391304347826086,0.41221374045801523,0.22340425531914887,0.6578173335361834,0.3879690949227373,19.4
0.002782402314131479,0.0,0.23643695014662755,0.0,0.12962962962962965,0.35592563903950436,0.9515962924819773,0.4306838345693617,0.08695652173913043,0.08778625954198471,0.5638297872340423,1.0,0.8024282560706402,14.4
0.0014561107646767647,0.0,0.37133431085043994,1.0,0.21399176954732513,0.48470178156467847,0.5787847579814624,0.28228763820010017,0.13043478260869565,0.17175572519083965,0.6382978723404256,0.9604949541051778,0.3567880794701987,24.4
0.00036405579056642543,0.525,0.1781524926686217,0.0,0.04115226337448563,0.5127807900852052,0.29248197734294545,0.5623731743937395,0.21739130434782608,0.20229007633587787,0.4255319148936172,1.0,0.14928256070640175,23.2
0.0002359225391784276,0.0,0.2423020527859238,0.0,0.17283950617283939,0.5538342370255617,0.7826982492276005,0.3485235907002139,0.043478260869565216,0.10496183206106868,0.5531914893617023,1.0,0.2044701986754967,21.6
0.0009478488675043733,0.2,0.2382697947214076,1.0,0.1625514403292181,0.4568164213787761,0.6035015447991761,0.2530142408662815,0.08695652173913043,0.06870229007633583,0.6382978723404256,0.9859019220041585,0.32891832229580575,20.7
0.00848938989239954,0.2,0.12866568914956011,0.0,0.5390946502057613,0.38710302091402016,0.6168898043254376,0.0773010601028254,0.17391304347826086,0.14694656488549612,0.042553191489361764,0.9885896850753081,0.24061810154525382,22.8
0.003339894355258207,0.0,0.25366568914956017,0.0,0.2222222222222222,0.5327265685515105,0.26776519052523173,0.38936257336548524,0.17391304347826086,0.19083969465648848,0.7446808510638299,1.0,0.12196467991169979,23.0
0.0005002816683578758,0.0,0.17338709677419356,0.0,0.2674897119341565,0.5335011618900077,0.3625128733264676,0.4842258519495883,0.17391304347826086,0.07061068702290074,0.8085106382978724,0.9817688523758812,0.10899558498896247,22.2
0.0013006648991771147,0.0,0.08907624633431087,0.0,0.12345679012345678,0.5933384972889234,0.5653964984552008,0.21458665089403522,0.043478260869565216,0.1698473282442748,0.574468085106383,0.9013134540291091,0.1357615894039735,28.4
0.07472866098054758,0.0,0.6466275659824048,0.0,0.6748971193415637,0.533694810224632,0.8249227600411946,0.14535693161654306,1.0,0.91412213740458,0.8085106382978724,1.0,0.3383002207505519,19.5
0.002260765103875604,0.0,1.0,0.0,0.4609053497942387,0.29666924864446165,0.9794026776519054,0.062386823786341514,0.13043478260869565,1.0,0.7978723404255321,0.8010294639687612,0.7712472406181015,8.1
0.00350624278688473,0.0,0.3460410557184751,0.0,0.3271604938271605,0.4556545313710302,0.8269824922760042,0.2603940124664453,0.13043478260869565,0.22328244274809156,0.6170212765957446,0.9842791216593134,0.4580573951434878,17.8
0.0014078921990228605,0.0,0.3500733137829912,0.0,0.33333333333333337,0.5063903950426026,0.7167868177136972,0.14496564902861825,0.21739130434782608,0.46755725190839686,0.5531914893617023,0.9908717480602466,0.2844922737306843,21.2
0.0018556841933472315,0.0,0.23643695014662755,0.0,0.12962962962962965,0.4107281177381875,0.31822863027806386,0.3606533509258838,0.08695652173913043,0.08778625954198471,0.5638297872340423,1.0,0.2339955849889625,19.3
0.016376778298453364,0.0,0.7008797653958945,0.0,0.4526748971193414,0.7606506584043377,0.9052523171987641,0.07588152327221438,0.17391304347826086,0.41221374045801523,0.22340425531914887,0.9430244941427052,0.0,50.0
0.18888954329262894,0.0,0.6466275659824048,0.0,0.648148148148148,0.332300542215337,0.98043254376931,0.02630692934164429,1.0,0.91412213740458,0.8085106382978724,1.0,0.8024282560706402,7.2
0.0016259435215603304,0.0,0.3500733137829912,0.0,0.33333333333333337,0.47637490317583275,0.8208032955715756,0.14653987897538562,0.21739130434782608,0.46755725190839686,0.5531914893617023,0.9939398549622193,0.23647902869757176,19.2
0.00044486965701201356,0.525,0.1781524926686217,0.0,0.04115226337448563,0.5333075135553834,0.4397528321318229,0.5623731743937395,0.21739130434782608,0.20229007633587787,0.4255319148936172,1.0,0.1619757174392936,22.3
0.0009076105306649845,0.0,0.45344574780058655,0.0,0.10699588477366251,0.49941905499612693,0.44181256436663235,0.26875654033395513,0.17391304347826086,0.4026717557251908,0.6489361702127658,0.974795882144125,0.2356512141280353,20.8
0.0016245947504930883,0.0,1.0,0.0,0.4609053497942387,0.3665762974438419,0.9248197734294542,0.06223213067018517,0.13043478260869565,1.0,0.7978723404255321,0.9954105177747351,0.45060706401766,15.2
0.0013507942238429455,0.25,0.17118768328445746,0.0,0.13991769547325106,0.6198683191324553,0.41709577754891863,0.6227671868601847,0.30434782608695654,0.1851145038167939,0.7553191489361701,0.9966529742887572,0.2144039735099338,25.0
0.15994042028605637,0.0,0.6466275659824048,0.0,0.6337448559670781,0.5387296669248646,1.0,0.03977433004231311,1.0,0.91412213740458,0.8085106382978724,1.0,0.5129690949227372,7.2
0.0915525568877917,0.0,0.6466275659824048,0.0,0.648148148148148,0.35418280402788527,0.9886714727085479,0.05378770644706311,1.0,0.91412213740458,0.8085106382978724,1.0,0.5275938189845475,11.5
0.005964715249700236,0.0,0.21041055718475074,0.0,0.24485596707818924,0.4686289697908598,0.6714727085478887,0.2306292369989536,0.30434782608695654,0.22900763358778625,0.5106382978723403,0.9529641462548812,0.2737306843267108,24.3
0.0015141079205681742,0.0,0.4934017595307918,0.0,0.10699588477366251,0.4316421378776142,0.5674562306900103,0.4716320123754493,0.13043478260869565,0.1946564885496183,0.36170212765957444,1.0,0.38934878587196464,20.3
0.0005586160170160958,0.0,0.07331378299120235,0.0,0.2119341563786007,0.8268783888458561,0.5221421215242018,0.1876518494926976,0.08695652173913043,0.011450381679389277,0.5531914893617023,0.9891728789492369,0.0750551876379691,50.0
0.0003005511528171107,0.0,0.17338709677419356,0.0,0.2674897119341565,0.4837335398915571,0.35427394438722964,0.33442831793985167,0.17391304347826086,0.07061068702290074,0.8085106382978724,0.9980729245904966,0.18708609271523177,20.6
0.00028301712894296366,0.9500000000000001,0.03702346041055718,0.0,0.03703703703703709,0.6611154144074362,0.12770339855818746,0.592966013012421,0.08695652173913043,0.41030534351145037,0.46808510638297873,1.0,0.0780905077262693,34.9
0.05240548823939068,0.0,0.6466275659824048,0.0,0.6748971193415637,0.4676607281177382,0.8753861997940269,0.1313617544019291,1.0,0.91412213740458,0.8085106382978724,0.020183579289010604,0.4768211920529802,12.7
0.000734293448524377,0.0,0.9233870967741936,0.0,0.4032921810699587,0.4730828814872191,0.8362512873326466,0.0964921061012785,0.043478260869565216,0.001908396946564861,0.6914893617021276,0.9512399208884833,0.34602649006622516,20.3
0.1749960773241461,0.0,0.6466275659824048,0.0,0.40123456790123446,0.45797831138652223,0.7013388259526261,0.16119022703489694,1.0,0.91412213740458,0.8085106382978724,0.9285967848268168,0.4525386313465783,19.1
0.062658845892565,0.0,0.6466275659824048,0.0,0.6748971193415637,0.5567389620449265,0.8753861997940269,0.10726602666181355,1.0,0.91412213740458,0.8085106382978724,0.2476545463765911,0.3998344370860927,14.3
0.00048330963242841293,0.33,0.06304985337243403,0.0,0.17901234567901225,0.6367157242447715,0.694129763130793,0.1861504163064744,0.26086956521739135,0.06679389312977096,0.6170212765957446,1.0,0.1600441501103753,28.2
0.04143863069164531,0.0,0.6466275659824048,0.0,0.6748971193415637,0.5451200619674671,0.8805355303810505,0.1301333090677465,1.0,0.91412213740458,0.8085106382978724,0.9861301283026523,0.3565121412803532,17.7
0.015022162556586567,0.0,0.7008797653958945,0.0,0.4526748971193414,0.4850890782339271,1.0,0.05644478820692479,0.17391304347826086,0.41221374045801523,0.22340425531914887,0.8909427455753335,0.12969094922737306,24.3
0.0005735648963446956,0.0,0.14772727272727273,0.0,0.13168724279835387,0.594306738962045,0.5478887744593203,0.3003503344101188,0.08695652173913043,0.1145038167938931,0.6276595744680851,0.9883361225214262,0.13245033112582782,26.6
0.005851530877640837,0.0,0.21041055718475074,0.0,0.24485596707818924,0.9999999999999999,0.8249227600411946,0.15991628372537425,0.30434782608695654,0.22900763358778625,0.5106382978723403,0.9622191794715758,0.08002207505518763,50.0
0.005775212914752723,0.2,0.12866568914956011,0.0,0.5390946502057613,0.9366769945778467,0.9124613800205973,0.10478183720824423,0.17391304347826086,0.14694656488549612,0.042553191489361764,0.9745423195902431,0.1153421633554084,48.8
0.0004935378130216653,0.35000000000000003,0.20527859237536655,0.0,0.10884773662551439,0.4153756777691714,0.262615859938208,0.5008144137585877,0.0,0.22328244274809156,0.457446808510638,0.9926973984481973,0.29525386313465785,17.1
0.211360069272882,0.0,0.6466275659824048,0.0,0.4362139917695472,0.2066227730441519,1.0,0.037936211838573194,1.0,0.91412213740458,0.8085106382978724,0.06661088290481262,0.9006622516556291,17.9
0.0010701374442676555,0.0,0.45344574780058655,0.0,0.10699588477366251,0.5263361735089079,0.737384140061792,0.26527139542290373,0.17391304347826086,0.4026717557251908,0.6489361702127658,0.9410720624778134,0.282560706401766,20.0
0.07818185210545413,0.0,0.6466275659824048,0.0,0.648148148148148,0.4167312161115414,0.9691040164778579,0.07184130306201374,1.0,0.91412213740458,0.8085106382978724,0.9937370049191138,0.4243929359823399,15.1
0.22033052084593124,0.0,0.6466275659824048,0.0,0.588477366255144,0.7265685515104571,0.9783728115345005,0.016315573956958915,1.0,0.91412213740458,0.8085106382978724,1.0,0.32312362030905073,15.0
0.0007327198822792613,0.0,0.14772727272727273,0.0,0.13168724279835387,0.4957397366382651,0.5550978372811534,0.23755402884571636,0.08695652173913043,0.1145038167938931,0.6276595744680851,0.9955626553070643,0.18515452538631344,22.2
0.0004618416929414764,0.0,0.42045454545454547,0.0,0.3868312757201645,0.4781177381874516,0.8022657054582903,0.12448246053050639,0.0,0.1641221374045801,0.8936170212765959,1.0,0.1697019867549669,11.9
0.0009521199758839734,0.0,0.07331378299120235,0.0,0.2119341563786007,0.6959721146398142,0.9196704428424305,0.1422812684835525,0.08695652173913043,0.011450381679389277,0.5531914893617023,0.9929509610020794,0.08526490066225167,37.9
0.0014195815482722916,0.0,0.29692082111436957,0.0,0.2777777777777778,0.44345468628969786,0.9660144181256437,0.08825697256472088,0.17391304347826086,0.37595419847328243,0.8829787234042552,0.9927734672143619,0.40673289183222955,19.5
0.08451950255524679,0.0,0.6466275659824048,0.0,0.6748971193415637,0.5530596436870642,0.9824922760041195,0.09536375631284409,1.0,0.91412213740458,0.8085106382978724,0.7649728688067347,0.4850993377483443,13.0
0.002399126535856854,0.0,0.23643695014662755,0.0,0.12962962962962965,0.3952362509682418,0.6086508753861998,0.4504936530324401,0.08695652173913043,0.08778625954198471,0.5638297872340423,1.0,0.3992825607064017,19.4
0.10318885447524488,0.0,0.6466275659824048,0.0,0.648148148148148,0.3824554608830363,1.0,0.040347604531598344,1.0,0.91412213740458,0.8085106382978724,1.0,0.6034768211920529,11.3
0.000264471526768385,0.0,0.06304985337243403,0.0,0.15020576131687247,0.5555770720371805,0.5746652935118435,0.44817325629009513,0.08695652173913043,0.06679389312977096,0.6489361702127658,0.9929509610020794,0.09602649006622516,28.7
0.008743183648218926,0.0,0.28152492668621704,0.0,0.31481481481481477,0.47037180480247887,0.811534500514933,0.2839892624778198,0.13043478260869565,0.22900763358778625,0.8936170212765959,0.9742634007809727,0.35706401766004414,17.5
0.004963365129861926,0.0,0.21041055718475074,1.0,0.2510288065843621,0.6128969790859798,0.654994850669413,0.22884571636562173,0.30434782608695654,0.22900763358778625,0.5106382978723403,0.9069425427252904,0.17439293598233996,29.0
0.46670715977137434,0.0,0.6466275659824048,0.0,0.6337448559670781,0.3814872192099147,0.8496395468589084,0.042804495199963585,1.0,0.91412213740458,0.8085106382978724,0.8289974136619505,0.7077814569536423,8.5
0.0019407691681724197,0.0,0.33834310850439886,0.0,0.41152263374485576,0.4084043377226957,0.266735324407827,0.15119887165021156,0.21739130434782608,0.38931297709923657,0.7021276595744679,0.9908463918048585,0.43791390728476826,23.1
0.001853211446390621,0.0,0.29692082111436957,0.0,0.2777777777777778,0.4405499612703331,0.9165808444902164,0.09772965103052912,0.17391304347826086,0.37595419847328243,0.8829787234042552,0.996881180587251,0.46716335540838855,19.5
0.010900880163039446,0.0,0.7855571847507332,0.0,0.4917695473251028,0.42525174283501166,0.9835221421215243,0.11001410437235544,0.13043478260869565,0.4770992366412213,0.9148936170212765,0.659871190222628,0.4299116997792494,15.6
0.7633423805899254,0.0,0.6466275659824048,0.0,0.6337448559670781,0.41092176607281183,1.0,0.026243232176168155,1.0,0.91412213740458,0.8085106382978724,0.9697499873218725,0.5863686534216335,5.0
0.004224126187424328,0.0,0.21041055718475074,0.0,0.24485596707818924,0.8673508907823392,0.8609680741503605,0.1891532826789208,0.30434782608695654,0.22900763358778625,0.5106382978723403,0.9758608448704297,0.03863134657836645,37.6
0.0031834369114581247,0.0,0.37133431085043994,0.0,0.21399176954732513,0.3584430673896205,0.07106076210092689,0.22298557714181722,0.13043478260869565,0.17175572519083965,0.6382978723404256,0.8783660429027842,0.7676600441501105,23.7
0.0009481860602711838,0.45,0.1092375366568915,0.0,0.10699588477366251,0.6564678543764523,0.19155509783728117,0.4861731652941445,0.17391304347826086,0.4026717557251908,0.2765957446808509,0.9512652771438715,0.09299116997792495,37.0
0.11195047132804946,0.0,0.6466275659824048,0.0,0.7304526748971193,0.5662277304415183,1.0,0.07656399290231584,1.0,0.91412213740458,0.8085106382978724,0.9742126882701964,0.47240618101545256,15.4
0.0018127483143733588,0.0,0.25366568914956017,0.0,0.2222222222222222,0.5548024786986833,0.5087538619979403,0.3096956185449748,0.17391304347826086,0.19083969465648848,0.7446808510638299,1.0,0.1509381898454746,23.8
0.0006178495463858106,0.2,0.10520527859237538,1.0,0.1191358024691358,0.7908597986057319,0.4819773429454171,0.3707993994267256,0.17391304347826086,0.05534351145038163,0.24468085106382986,0.949718545565191,0.03532008830022075,46.0
0.011196261026765464,0.0,0.28152492668621704,0.0,0.31481481481481477,0.6028272656855153,0.8692070030895983,0.2822694390099641,0.13043478260869565,0.22900763358778625,0.8936170212765959,0.9577311222678636,0.2828366445916115,21.0
0.027461091326637734,0.0,0.7008797653958945,0.0,0.4526748971193414,0.5501549186676996,0.9505664263645727,0.1024159424905592,0.17391304347826086,0.41221374045801523,0.22340425531914887,0.8304680764744664,0.26462472406181015,22.3
0.0006694400397078201,0.0,0.07331378299120235,0.0,0.2119341563786007,0.8140975987606506,0.8280123583934088,0.14595750489103237,0.08695652173913043,0.011450381679389277,0.5531914893617023,0.9966022617779807,0.1608719646799117,39.8
0.0015998672809269833,0.0,0.29692082111436957,0.0,0.2777777777777778,0.6130906274206042,0.7929969104016479,0.14930615587606355,0.17391304347826086,0.37595419847328243,0.8829787234042552,0.9945737613469244,0.21219646799116998,27.5
0.0004534118737712134,0.8,0.03885630498533725,0.0,0.039094650205761305,0.6866769945778467,0.34706488156539655,0.5616270075981619,0.043478260869565216,0.27099236641221375,0.0,0.8920077083016381,0.1898454746136865,30.3
0.004826240071358981,0.0,0.37133431085043994,1.0,0.21399176954732513,0.3452749806351666,1.0,0.24914691296237318,0.13043478260869565,0.17175572519083965,0.6382978723404256,1.0,0.5894039735099337,20.0
0.00619827743951099,0.0,0.7855571847507332,0.0,0.4917695473251028,0.5371804802478698,0.9814624098867148,0.0886027571773056,0.13043478260869565,0.4770992366412213,0.9148936170212765,0.9943455550484307,0.42025386313465785,18.1
0.05215888792926325,0.0,0.6466275659824048,0.0,0.47119341563786,0.6620836560805577,0.666323377960865,0.12702124755448385,1.0,0.91412213740458,0.8085106382978724,0.9436584005274102,0.2740066225165563,29.8
0.11302679063970864,0.0,0.6466275659824048,0.0,0.40946502057613154,0.6336173508907824,0.94129763130793,0.08655534828700125,1.0,0.91412213740458,0.8085106382978724,0.19983264871443787,0.49558498896247244,14.1
0.00035247883890593087,0.8,0.03885630498533725,0.0,0.039094650205761305,0.7190162664601084,0.364572605561277,0.5616270075981619,0.043478260869565216,0.27099236641221375,0.0,0.988082559967544,0.13493377483443708,34.6
0.12478133049072339,0.0,0.6466275659824048,0.0,0.5823045267489712,0.26045701006971334,1.0,0.003385049365303233,1.0,0.91412213740458,0.8085106382978724,1.0,0.9116997792494481,13.8
0.022523015654286598,0.0,0.7008797653958945,0.0,0.4526748971193414,0.8458559256390396,0.96086508753862,0.082706219573229,0.17391304347826086,0.41221374045801523,0.22340425531914887,0.9300167351285563,0.0543598233995585,50.0
0.2539149204202591,0.0,0.6466275659824048,0.0,0.648148148148148,0.27865995352439976,0.8918640576725025,0.03470585558942625,1.0,0.91412213740458,0.8085106382978724,1.0,0.8349889624724061,7.4
0.003555360533250129,0.0,0.7855571847507332,0.0,0.4917695473251028,0.46107668474051133,0.933058702368692,0.07551753946949362,0.13043478260869565,0.4770992366412213,0.9148936170212765,0.9527105837009991,0.41859823399558493,17.4
5.2152481266693853e-05,0.55,0.06561583577712611,0.0,0.008230452674897082,0.5600309837335399,0.29866117404737386,0.5614723144820055,0.0,0.215648854961832,0.2872340425531916,0.9944723363253717,0.1793598233995585,22.0
0.00037417157357074105,0.0,0.17338709677419356,0.0,0.2674897119341565,0.47947327652982186,0.32543769309989706,0.4411756676827881,0.17391304347826086,0.07061068702290074,0.8085106382978724,1.0,0.17328918322295805,21.1
0.01333732269842333,0.0,0.7855571847507332,0.0,0.4917695473251028,0.5354376452362509,0.976313079299691,0.10318940807134082,0.13043478260869565,0.4770992366412213,0.9148936170212765,1.0,0.2905629139072847,19.6
0.00023951926202440645,0.75,0.09127565982404694,0.0,0.08847736625514402,0.5875290472501936,0.1946446961894954,0.38801583329541833,0.08695652173913043,0.12404580152671751,0.6063829787234043,0.9967797555656982,0.07146799116997793,30.8
0.002154661779919227,0.0,0.37133431085043994,0.0,0.21399176954732513,0.5075522850503488,0.40679711637487126,0.2555530278902589,0.13043478260869565,0.17175572519083965,0.6382978723404256,0.9917085044880573,0.2135761589403974,25.0
0.0017201327010894023,0.0,0.23643695014662755,0.0,0.12962962962962965,0.513168086754454,0.03707518022657055,0.41711633832294476,0.08695652173913043,0.08778625954198471,0.5638297872340423,0.9938130736852783,0.157560706401766,24.7
8.182544474601967e-05,0.75,0.12976539589442815,0.0,0.05144032921810693,0.4506196746707979,0.4603501544799177,0.56260066427044,0.08695652173913043,0.5381679389312977,0.9042553191489362,1.0,0.3606512141280353,18.9
0.16878835848716442,0.0,0.6466275659824048,0.0,0.47119341563786,0.3375290472501936,0.972193614830072,0.08769279767050366,1.0,0.91412213740458,0.8085106382978724,0.8797606369491355,0.63962472406181,12.0
0.0005540077158696854,0.7000000000000001,0.0652492668621701,0.0,0.030864197530864224,0.6738962044926414,0.07312049433573636,0.6088357068110469,0.17391304347826086,0.3263358778625954,0.23404255319148937,0.9357979613570668,0.08305739514348787,29.0
0.08706216081217599,0.0,0.6466275659824048,0.0,0.6748971193415637,0.530596436870643,0.8321318228630278,0.1497884344146686,1.0,0.91412213740458,0.8085106382978724,0.683832851564481,0.4001103752759382,14.9
0.0005488374267785907,0.33,0.06304985337243403,0.0,0.17901234567901225,0.7116576297443843,0.3934088568486097,0.26252331771236187,0.26086956521739135,0.06679389312977096,0.6170212765957446,0.9918352857649984,0.14348785871964678,36.1
0.0006502200519996206,0.0,0.20161290322580644,0.0,0.23456790123456794,0.45933384972889224,0.6725025746652935,0.20231129714727697,0.17391304347826086,0.17557251908396948,0.7021276595744679,1.0,0.2193708609271523,18.9
0.0027789179888744373,0.0,0.3460410557184751,0.0,0.3271604938271605,0.41518202943454685,0.7703398558187435,0.2555166295099868,0.13043478260869565,0.22328244274809156,0.6170212765957446,0.9987828997413662,0.2695916114790287,16.2
0.0038561364812451137,0.0,0.3460410557184751,0.0,0.3271604938271605,0.4668861347792409,0.7600411946446962,0.17885254106192278,0.13043478260869565,0.22328244274809156,0.6170212765957446,0.9983264871443785,0.22737306843267108,20.3
0.001105655082371697,0.4,0.21810850439882698,1.0,0.12757201646090532,0.7176607281177382,0.474768280123584,0.33215341917284685,0.13043478260869565,0.1278625954198473,0.5319148936170215,0.9806024646280238,0.11920529801324503,33.2
0.0010359685772308562,0.0,0.9233870967741936,0.0,0.4032921810699587,0.4488768396591788,0.956745623069001,0.07910277992629329,0.043478260869565216,0.001908396946564861,0.6914893617021276,0.9555758405598662,0.4373620309050772,18.8
0.037256765997661236,0.0,0.7008797653958945,1.0,0.9999999999999999,0.3567002323780014,1.0,0.016797852495563953,0.17391304347826086,0.41221374045801523,0.22340425531914887,1.0,0.6923289183222958,13.4
0.0011420719011872333,0.0,0.29692082111436957,0.0,0.2777777777777778,0.5100697134004649,0.5303810504634398,0.14930615587606355,0.17391304347826086,0.37595419847328243,0.8829787234042552,0.9913535169126225,0.3109823399558499,21.7
0.003120157068886684,0.0,0.25366568914956017,0.0,0.2222222222222222,0.4157629744384198,0.7353244078269825,0.32613858683288593,0.17391304347826086,0.19083969465648848,0.7446808510638299,0.9853694406410062,0.2762141280353201,18.5
0.00031853476704700516,0.35000000000000003,0.20527859237536655,0.0,0.10884773662551439,0.47831138652207594,0.21009268795056646,0.5008144137585877,0.0,0.22328244274809156,0.457446808510638,0.9121405750798723,0.1683222958057395,19.4
0.09709398281755578,0.0,0.6466275659824048,0.0,0.6337448559670781,0.5096824167312161,0.9237899073120494,0.0595295509349834,1.0,0.91412213740458,0.8085106382978724,1.0,0.3708609271523179,13.8
0.10547738178358788,0.0,0.6466275659824048,0.0,0.7304526748971193,0.40007745933384975,0.9371781668383111,0.061895445652668454,1.0,0.91412213740458,0.8085106382978724,1.0,0.5836092715231787,12.8
0.00140328389787645,0.0,0.29692082111436957,0.0,0.2777777777777778,0.4969016266460108,0.8475798146240989,0.08966740980026387,0.17391304347826086,0.37595419847328243,0.8829787234042552,0.976646888787464,0.3410596026490066,20.4
0.0706053554303996,0.0,0.6466275659824048,0.0,0.7304526748971193,0.5383423702556159,0.9629248197734295,0.08508121388598207,1.0,0.91412213740458,0.8085106382978724,0.7999645012424565,0.44315673289183216,14.9
0.0009830293128416045,0.125,0.27162756598240473,0.0,0.28600823045267487,0.4508133230054222,0.3717816683831102,0.39254743163929207,0.17391304347826086,0.2366412213740458,0.2765957446808509,0.9837719965515493,0.38576158940397354,21.7
0.0012170410930081056,0.2,0.2382697947214076,0.0,0.1625514403292181,0.5764910921766074,0.5746652935118435,0.2530142408662815,0.08695652173913043,0.06870229007633583,0.6382978723404256,0.9950808864546884,0.16556291390728478,24.4
0.0025059042453468524,0.0,0.23643695014662755,0.0,0.12962962962962965,0.4781177381874516,0.850669412976313,0.4142499658765186,0.08695652173913043,0.08778625954198471,0.5638297872340423,0.9894517977585071,0.47102649006622516,16.6
0.0003234802609602261,0.9500000000000001,0.08137829912023462,0.0,0.0639917695473251,0.8311386522075911,0.31204943357363546,0.3622548796578553,0.13043478260869565,0.07061068702290074,0.22340425531914887,0.9895532227800599,0.05739514348785872,48.5
0.11987742368540903,0.0,0.6466275659824048,0.0,0.7304526748971193,0.5611928737412858,0.9464469618949536,0.0774284544337777,1.0,0.91412213740458,0.8085106382978724,0.10279425934378013,0.613962472406181,11.8
0.0015560322212416157,0.0,0.3500733137829912,0.0,0.33333333333333337,0.42021688613477914,0.6416065911431514,0.14761363119341192,0.21739130434782608,0.46755725190839686,0.5531914893617023,0.9863076220903698,0.3278145695364238,19.3
0.009505688891566449,0.0,0.28152492668621704,0.0,0.31481481481481477,0.46553059643687067,0.8887744593202884,0.26164065699076394,0.13043478260869565,0.22900763358778625,0.8936170212765959,0.9889193163953548,0.33388520971302427,19.6
0.10778243153750461,0.0,0.6466275659824048,0.0,0.6337448559670781,0.550542215336948,1.0,0.045679967241457745,1.0,0.91412213740458,0.8085106382978724,0.9472843450479235,0.5126931567328918,12.1
0.00032808856210663655,0.25,0.16129032258064516,0.0,0.08436213991769548,0.5046475600309838,0.45108135942327504,0.3879794349151463,0.13043478260869565,0.1793893129770992,0.6808510638297873,0.9841269841269842,0.1594922737306843,22.9
0.0037511571331781046,0.0,0.7855571847507332,0.0,0.4917695473251028,0.5609992254066615,0.9886714727085479,0.08931252559261114,0.13043478260869565,0.4770992366412213,0.9148936170212765,0.9952837364977941,0.2999448123620309,19.2
0.03160687639457309,0.0,0.6466275659824048,0.0,0.30246913580246926,0.42621998450813325,0.38516992790937177,0.2694663087492607,1.0,0.91412213740458,0.8085106382978724,0.9899082103554948,0.23979028697571741,21.8
0.0006847261118032305,0.0,0.10190615835777128,0.0,0.154320987654321,0.5367931835786214,0.14727085478887744,0.37104508849356205,0.13043478260869565,0.46374045801526714,0.457446808510638,0.945002282062985,0.15480132450331124,22.6
0.004894465407843643,0.0,0.21041055718475074,0.0,0.24485596707818924,0.5792021688613477,0.19052523171987643,0.20365803721734388,0.30434782608695654,0.22900763358778625,0.5106382978723403,0.9580100410771337,0.05601545253863134,31.5
0.0031839988994028096,0.0,0.33834310850439886,0.0,0.41152263374485576,0.35418280402788527,0.7209062821833162,0.15119887165021156,0.21739130434782608,0.38931297709923657,0.7021276595744679,1.0,0.5355960264900663,19.7
0.000149825986052808,0.8,0.047653958944281524,0.0,0.0,0.5168474051123161,0.2945417095777549,0.7236179989990446,0.0,0.10305343511450377,0.5957446808510638,0.8597799077032305,0.30905077262693154,20.1
0.0016191996662241201,0.0,0.9233870967741936,0.0,0.4032921810699587,0.44442292796281946,0.9691040164778579,0.0734701305791892,0.043478260869565216,0.001908396946564861,0.6914893617021276,0.9325777169227649,0.6534216335540839,17.3
0.012874019836825677,0.0,0.28152492668621704,0.0,0.31481481481481477,0.4144074360960496,0.9485066941297631,0.24115746849265207,0.13043478260869565,0.22900763358778625,0.8936170212765959,0.9033165982047772,0.4586092715231788,13.1
0.07178609210218109,0.0,0.6466275659824048,0.0,0.40946502057613154,0.5036793183578622,0.9732234809474769,0.09727467127712817,1.0,0.91412213740458,0.8085106382978724,0.761296211775445,0.6172737306843268,13.3
0.0007050700754007986,0.0,0.06304985337243403,0.0,0.15020576131687247,0.6944229279628197,0.5283213182286303,0.44817325629009513,0.08695652173913043,0.06679389312977096,0.6489361702127658,1.0,0.09933774834437087,36.2
0.157855445011278,0.0,0.6466275659824048,0.0,0.4362139917695472,0.5995352439969016,1.0,0.03553391874061605,1.0,0.91412213740458,0.8085106382978724,0.0824838987778285,0.5378035320088299,17.2
0.008086781728827779,0.0,0.28152492668621704,0.0,0.31481481481481477,0.4194422927962821,0.685890834191555,0.24200373083397791,0.13043478260869565,0.22900763358778625,0.8936170212765959,0.9849130280440186,0.26352097130242824,18.2
0.0012131071773953163,0.0,0.49230205278592387,1.0,0.33950617283950624,0.5445391169635941,0.92173017507724,0.20258428499931758,0.17391304347826086,0.1698473282442748,0.404255319148936,0.9919874232973276,0.24199779249448122,23.0
0.2007463649495762,0.0,0.6466275659824048,0.0,0.588477366255144,0.5154918667699459,1.0,0.02266709131443652,1.0,0.91412213740458,0.8085106382978724,0.9919874232973276,0.5532560706401766,10.2
0.0006329108233033472,0.0,0.42045454545454547,0.0,0.3868312757201645,0.587141750580945,0.6817713697219361,0.12208016743254928,0.0,0.1641221374045801,0.8936170212765959,0.9875500786043918,0.21909492273730685,22.4
0.13269636870365567,0.0,0.6466275659824048,0.0,0.685185185185185,0.6318745158791635,0.7579814624098867,0.059784339596887934,1.0,0.91412213740458,0.8085106382978724,0.11646128099802223,0.579746136865342,8.4
0.10089526927539973,0.0,0.6466275659824048,1.0,0.7921810699588477,0.5133617350890781,0.9732234809474769,0.08964921061012783,1.0,0.91412213740458,0.8085106382978724,0.9513920584208125,0.43791390728476826,17.8
0.030658128346357214,0.0,0.7008797653958945,0.0,0.9999999999999999,0.3942680092951202,0.9474768280123584,0.0353701260293917,0.17391304347826086,0.41221374045801523,0.22340425531914887,0.8857700694761399,0.5441501103752759,15.4
0.003473197895737299,0.0,0.21041055718475074,0.0,0.24485596707818924,0.9111154144074362,0.776519052523172,0.15991628372537425,0.30434782608695654,0.22900763358778625,0.5106382978723403,0.9699528373649781,0.06650110375275937,44.8
0.002138364129523385,0.22,0.19794721407624635,0.0,0.09465020576131689,0.5160728117738188,0.7857878475798147,0.6295554847809273,0.26086956521739135,0.2729007633587786,0.6914893617021276,0.947360413814088,0.23233995584988965,20.5
0.09047410202194271,0.0,0.6466275659824048,0.0,0.40946502057613154,0.3613477924089853,0.9526261585993822,0.11763956503935576,1.0,0.91412213740458,0.8085106382978724,0.8876210761194787,0.4528145695364238,13.8
0.01674724075158919,0.0,0.7008797653958945,0.0,0.9999999999999999,0.35689388071262595,1.0,0.04136675917921652,0.17391304347826086,0.41221374045801523,0.22340425531914887,0.8597799077032305,0.31870860927152317,19.6
0.06434582130491803,0.0,0.6466275659824048,0.0,0.30246913580246926,0.6777691711851278,0.7631307929969104,0.2068883934664908,1.0,0.91412213740458,0.8085106382978724,0.995892286627111,0.1456953642384106,25.0
0.0026851783997011124,0.0,0.3460410557184751,0.0,0.3271604938271605,0.43009295120061963,0.7085478887744593,0.2634059784339597,0.13043478260869565,0.22328244274809156,0.6170212765957446,1.0,0.3921081677704194,19.8
0.0008153321101478388,0.8,0.16458944281524926,0.0,0.053497942386831254,0.6946165762974438,0.2554067971163749,0.362136584921971,0.13043478260869565,0.11068702290076332,0.7021276595744679,1.0,0.05049668874172186,37.3
0.003654607604281359,0.0,0.21041055718475074,0.0,0.2510288065843621,0.9074360960495741,0.6951596292481977,0.22884571636562173,0.30434782608695654,0.22900763358778625,0.5106382978723403,0.9544855215781735,0.06125827814569537,48.3
0.002456674101392516,0.125,0.27162756598240473,0.0,0.28600823045267487,0.5453137103020914,0.94129763130793,0.4740616042586106,0.17391304347826086,0.2366412213740458,0.2765957446808509,0.9888939601399666,0.5165562913907285,15.0
0.002293585199845161,0.2,0.10520527859237538,0.0,0.1191358024691358,0.6295507358636717,0.3017507723995881,0.26968469903089315,0.17391304347826086,0.05534351145038163,0.24468085106382986,1.0,0.08609271523178808,35.1
0.0017133888457531922,0.0,0.3793988269794722,0.0,0.057613168724279795,0.4647560030983734,0.15036045314109167,0.3776604941080122,0.13043478260869565,0.22519083969465642,0.7021276595744679,0.9493889142451444,0.22488962472406182,21.7
0.0008529853024416803,0.22,0.19794721407624635,0.0,0.09465020576131689,0.6576297443841982,0.04016477857878477,0.7070112379999091,0.26086956521739135,0.2729007633587786,0.6914893617021276,0.9725898879253512,0.04966887417218542,29.6
0.00040137179009345635,0.28,0.5344574780058651,0.0,0.1625514403292181,0.5579008520526724,0.5221421215242018,0.23011965967514447,0.13043478260869565,0.1583969465648855,0.5957446808510638,0.9952076677316294,0.17742825607064017,22.9
0.06408753164554117,0.0,0.6466275659824048,0.0,0.30246913580246926,0.6175445391169637,0.741503604531411,0.1997088129578234,1.0,0.91412213740458,0.8085106382978724,0.9902885541863179,0.16583885209713026,23.7
0.0002548053341198167,0.4,0.028958944281524925,0.0,0.09053497942386823,0.6541440743609604,0.32543769309989706,0.6965831020519586,0.0,0.282442748091603,0.7553191489361701,0.9821238399513161,0.11479028697571741,26.6
0.2031955084125099,0.0,0.6466275659824048,0.0,0.6049382716049384,0.5563516653756778,1.0,0.06348787478957187,1.0,0.91412213740458,0.8085106382978724,0.06270601957502916,0.7538631346578366,7.2
0.20784427269093766,0.0,0.6466275659824048,0.0,0.5823045267489712,0.11173508907823393,1.0,0.0,1.0,0.91412213740458,0.8085106382978724,1.0,0.9999999999999998,13.8
0.28144108995089123,0.0,0.6466275659824048,0.0,0.6337448559670781,0.4697908597986057,1.0,0.04111197051731198,1.0,0.91412213740458,0.8085106382978724,1.0,0.6909492273730684,5.6
0.0009027774343407005,0.45,0.1092375366568915,0.0,0.10699588477366251,0.7004260263361736,0.24098867147270858,0.4861731652941445,0.17391304347826086,0.4026717557251908,0.2765957446808509,0.9837466402961612,0.031456953642384114,36.4
0.006802526877635442,0.2,0.12866568914956011,0.0,0.5390946502057613,0.9959333849728894,0.8650875386199794,0.060421311251649304,0.17391304347826086,0.14694656488549612,0.042553191489361764,0.981743496120493,0.0935430463576159,50.0
0.026663518035541914,0.0,0.6466275659824048,0.0,0.40740740740740733,0.44732765298218446,0.4016477857878476,0.2354065244096638,1.0,0.91412213740458,0.8085106382978724,0.9336426796490696,0.320364238410596,20.6
0.0005468142701777276,0.0,0.17338709677419356,0.0,0.2674897119341565,0.46940356312935727,0.4376930998970134,0.33442831793985167,0.17391304347826086,0.07061068702290074,0.8085106382978724,1.0,0.22102649006622516,19.0
0.0018769273376562944,0.0,0.33834310850439886,0.0,0.41152263374485576,0.4155693261037955,0.5262615859938208,0.11326265981163837,0.21739130434782608,0.38931297709923657,0.7021276595744679,1.0,0.2836644591611479,21.8
8.41857941136933e-05,0.8,0.0,0.0,0.07613168724279828,0.8353989155693261,0.2996910401647786,0.4105191318986305,0.13043478260869565,0.1297709923664122,0.1914893617021276,0.9932298798113496,0.03421633554083886,50.0
0.00021479179245830165,0.55,0.12170087976539588,0.0,0.2037037037037036,0.6070875290472503,0.5509783728115345,0.4181354929705629,0.17391304347826086,0.34923664122137404,0.5319148936170215,1.0,0.15038631346578366,23.9
0.0038890689748036075,0.0,0.7855571847507332,0.0,0.4917695473251028,0.5602246320681642,0.9835221421215243,0.06486191364484283,0.13043478260869565,0.4770992366412213,0.9148936170212765,0.9928495359805265,0.35485651214128033,17.1
0.005999670899859593,0.2,0.12866568914956011,0.0,0.5390946502057613,0.7052672347017815,0.8125643666323378,0.08873015150825787,0.17391304347826086,0.14694656488549612,0.042553191489361764,0.9896039352908363,0.21688741721854304,33.8
0.0018964845181313047,0.0,0.20161290322580644,0.0,0.23456790123456794,0.465724244771495,0.28115345005149334,0.24662632512853183,0.17391304347826086,0.17557251908396948,0.7021276595744679,0.9912013793802933,0.2317880794701987,24.7
0.0003161744176793315,0.8250000000000001,0.057551319648093846,0.0,0.061728395061728336,0.5036793183578622,0.36560247167868176,0.4670822148414396,0.043478260869565216,0.30725190839694655,0.22340425531914887,0.9920634920634921,0.15728476821192053,24.1
0.04880831580305605,0.0,0.6466275659824048,0.0,0.40123456790123446,0.5046475600309838,0.835221421215242,0.1725647208699213,1.0,0.91412213740458,0.8085106382978724,1.0,0.401766004415011,19.9
0.00032258108024873144,0.8,0.16458944281524926,0.0,0.053497942386831254,0.6390395042602633,0.25746652935118436,0.362136584921971,0.13043478260869565,0.11068702290076332,0.7021276595744679,1.0,0.04415011037527594,28.5
0.10478568702127058,0.0,0.6466275659824048,0.0,0.6748971193415637,0.5081332300542215,0.9866117404737385,0.102334046134947,1.0,0.91412213740458,0.8085106382978724,1.0,0.4525386313465783,14.1
0.0008697325431932695,0.45,0.1092375366568915,0.0,0.10699588477366251,0.7017815646785438,0.3707518022657055,0.31208881204786393,0.17391304347826086,0.4026717557251908,0.2765957446808509,1.0,0.1009933774834437,34.9
0.002335284705340729,0.22,0.19794721407624635,0.0,0.09465020576131689,0.5571262587141751,0.06179196704428426,0.569607352472815,0.26086956521739135,0.2729007633587786,0.6914893617021276,0.949718545565191,0.05132450331125828,24.8
0.0013147145977942198,0.0,0.3500733137829912,0.0,0.33333333333333337,0.45546088303640586,0.9268795056642637,0.1106874744073889,0.21739130434782608,0.46755725190839686,0.5531914893617023,0.9950555301993002,0.3995584988962472,18.8
0.170517033405013,0.0,0.6466275659824048,0.0,0.7304526748971193,0.501742835011619,1.0,0.07072205286864734,1.0,0.91412213740458,0.8085106382978724,0.017242253663978906,0.6821192052980132,8.7
0.0010538397938718138,0.0,0.07331378299120235,0.0,0.2119341563786007,0.5813323005422154,0.9546858908341915,0.15560307566313303,0.08695652173913043,0.011450381679389277,0.5531914893617023,1.0,0.10899558498896247,32.5
0.01259145229823846,0.0,0.7008797653958945,1.0,0.9999999999999999,0.2809837335398915,0.8764160659114315,0.04305928386186815,0.17391304347826086,0.41221374045801523,0.22340425531914887,0.8640397586084487,0.2866997792494481,15.3
0.002870297228680088,0.0,0.3460410557184751,0.0,0.3271604938271605,0.4767621998450814,0.9011328527291452,0.15442012830429047,0.13043478260869565,0.22328244274809156,0.6170212765957446,0.9984786246767078,0.27566225165562913,19.4
0.002085424865134133,0.0,0.25366568914956017,0.0,0.2222222222222222,0.5557707203718049,0.121524201853759,0.38936257336548524,0.17391304347826086,0.19083969465648848,0.7446808510638299,0.9918352857649984,0.092439293598234,24.6
0.0007057444609344197,0.45,0.1092375366568915,0.0,0.10699588477366251,0.615414407436096,0.28733264675592174,0.4861731652941445,0.17391304347826086,0.4026717557251908,0.2765957446808509,0.9817688523758812,0.08167770419426049,30.5
0.0013079707424580092,0.0,0.23643695014662755,0.0,0.12962962962962965,0.48567002323780006,0.3820803295571576,0.41711633832294476,0.08695652173913043,0.08778625954198471,0.5638297872340423,0.9809574522034586,0.21578366445916114,21.2
0.14382373000840284,0.0,0.6466275659824048,0.0,0.7304526748971193,0.4440356312935708,0.9649845520082388,0.06902952818599571,1.0,0.91412213740458,0.8085106382978724,0.6034788782392617,0.6087196467991169,10.8
0.0010084311679413303,0.4,0.21810850439882698,0.0,0.12757201646090532,0.6376839659178931,0.41091658084449023,0.28484462441421354,0.13043478260869565,0.1278625954198473,0.5319148936170215,1.0,0.03449227373068432,32.0
0.000921323036515279,0.125,0.27162756598240473,0.0,0.28600823045267487,0.47463206816421366,0.6560247167868176,0.4025205878338414,0.17391304347826086,0.2366412213740458,0.2765957446808509,0.9967036867995337,0.29525386313465785,22.9
0.0015059028965757851,0.22,0.19794721407624635,0.0,0.09465020576131689,0.566615027110767,0.10401647785787849,0.569607352472815,0.26086956521739135,0.2729007633587786,0.6914893617021276,0.9984279121659313,0.11506622516556292,24.4
0.008812982550948702,0.0,0.3460410557184751,0.0,0.3271604938271605,0.4959333849728892,0.5139031925849639,0.13679421265753672,0.13043478260869565,0.22328244274809156,0.6170212765957446,1.0,0.11727373068432673,22.1
0.000998090589759141,0.0,0.45344574780058655,0.0,0.10699588477366251,0.527691711851278,0.43357363542739447,0.30625597160926343,0.17391304347826086,0.4026717557251908,0.6489361702127658,0.9653379988843249,0.19895143487858719,21.4
0.0,0.18,0.06781524926686218,0.0,0.31481481481481477,0.5836560805577072,0.6416065911431514,0.26871104235861504,0.0,0.20801526717557245,0.2872340425531916,1.0,0.08967991169977926,24.0
0.0827335048670404,0.0,0.6466275659824048,0.0,0.6049382716049384,0.5096824167312161,0.7744593202883624,0.07266936621320351,1.0,0.91412213740458,0.8085106382978724,0.23888128201227246,0.5460816777041941,11.0
0.05942157053600612,0.0,0.6466275659824048,0.0,0.648148148148148,0.4821843532145623,0.819773429454171,0.09379862596114476,1.0,0.91412213740458,0.8085106382978724,0.9530402150210457,0.46992273730684325,23.2
0.08976251288638357,0.0,0.6466275659824048,0.0,0.648148148148148,0.3793570875290472,1.0,0.036043496064425126,1.0,0.91412213740458,0.8085106382978724,1.0,0.6299668874172184,12.3
0.07235853302263642,0.0,0.6466275659824048,0.0,0.40946502057613154,0.554608830364059,0.7404737384140061,0.0967650939533191,1.0,0.91412213740458,0.8085106382978724,0.24197474516963338,0.2842163355408388,16.1
0.001452401644241849,0.125,0.2056451612903226,0.0,0.0493827160493826,0.3936870642912472,0.349124613800206,0.48782929159652405,0.13043478260869565,0.30152671755725186,0.6702127659574466,1.0,0.31346578366445915,17.4
0.06390286240691793,0.0,0.6466275659824048,0.0,0.40740740740740733,0.49438419829589464,0.791967044284243,0.21920014559352113,1.0,0.91412213740458,0.8085106382978724,0.9892996602261779,0.36561810154525387,19.1
0.020163677864913385,0.0,0.7008797653958945,0.0,0.4526748971193414,0.44848954298993016,0.7857878475798147,0.117284680831703,0.17391304347826086,0.41221374045801523,0.22340425531914887,0.5707439525330901,0.28725165562913907,23.8
0.13006176921897614,0.0,0.6466275659824048,0.0,0.648148148148148,0.28563129357087524,0.9691040164778579,0.05760043678056327,1.0,0.91412213740458,0.8085106382978724,1.0,0.6608719646799117,9.7
0.0011730936357338012,0.0,0.49230205278592387,1.0,0.33950617283950624,0.46281951975213,0.9361483007209063,0.15945220437690527,0.17391304347826086,0.1698473282442748,0.404255319148936,1.0,0.44674392935982343,21.5
0.0015193906072482057,0.0,0.23643695014662755,0.0,0.12962962962962965,0.5050348567002324,0.03810504634397528,0.41711633832294476,0.08695652173913043,0.08778625954198471,0.5638297872340423,0.9656929864597598,0.11258278145695363,25.3
0.041481791365797056,0.0,0.6466275659824048,0.0,0.685185185185185,0.27149496514329985,0.9114315139031927,0.05598980845352382,1.0,0.91412213740458,0.8085106382978724,0.7949439626755921,0.33857615894039733,21.9
0.0002788584181523006,0.0,0.1440615835777126,0.0,0.11728395061728392,0.4750193648334625,0.4696189495365603,0.6257427544474271,0.08695652173913043,0.3148854961832061,0.6595744680851063,0.971448856432882,0.24282560706401762,17.5
0.0009589762288091206,0.0,0.3793988269794722,0.0,0.057613168724279795,0.484895429899303,0.05046343975283214,0.3776604941080122,0.13043478260869565,0.22519083969465642,0.7021276595744679,0.9848116030224658,0.10458057395143486,22.8
0.011038679607076014,0.0,0.28152492668621704,0.0,0.31481481481481477,0.43609604957397374,1.0,0.2691842213021521,0.13043478260869565,0.22900763358778625,0.8936170212765959,0.994015923728384,0.5008278145695364,14.5
0.43099394986258266,0.0,0.6466275659824048,0.0,0.6337448559670781,0.3663826491092178,1.0,0.03208517220983666,1.0,0.91412213740458,0.8085106382978724,1.0,0.7963576158940397,5.0
0.0006086329440929898,0.0,0.07331378299120235,0.0,0.2119341563786007,0.5019364833462431,0.6786817713697219,0.19497702352245327,0.08695652173913043,0.011450381679389277,0.5531914893617023,0.9751762259749481,0.315121412803532,29.6
9.767350478611415e-05,0.8,0.05681818181818181,0.0,0.10288065843621397,0.5952749806351666,0.2760041194644696,0.6558078165521634,0.13043478260869565,0.17748091603053434,0.46808510638297873,0.9848876717886303,0.1175496688741722,24.5
0.0023074101032843925,0.0,0.29692082111436957,0.0,0.2777777777777778,0.498838109992254,0.8702368692070032,0.14356431138814324,0.17391304347826086,0.37595419847328243,0.8829787234042552,0.9938384299406665,0.32312362030905073,19.3
0.134256447238099,0.0,0.6466275659824048,0.0,0.5637860082304528,0.39639814097598747,1.0,0.013485599890804847,1.0,0.91412213740458,0.8085106382978724,0.8356661088290481,0.2869757174392936,27.9
0.004152641320860498,0.0,0.37133431085043994,1.0,0.21399176954732513,0.35689388071262595,0.8825952626158599,0.2300377633195323,0.13043478260869565,0.17175572519083965,0.6382978723404256,0.9957908616055583,0.613962472406181,19.3
0.0005796343661472849,0.125,0.2056451612903226,0.0,0.0493827160493826,0.4486831913245547,0.19052523171987643,0.48782929159652405,0.13043478260869565,0.30152671755725186,0.6702127659574466,0.998250418378214,0.1757726269315673,22.0
0.0004377886089089926,0.0,0.42045454545454547,0.0,0.3868312757201645,0.49554608830364055,0.7600411946446962,0.10469084125756405,0.0,0.1641221374045801,0.8936170212765959,1.0,0.20281456953642385,20.6
0.009376431664289083,0.0,0.28152492668621704,0.0,0.31481481481481477,0.3946553059643688,0.8527291452111225,0.3018881659766141,0.13043478260869565,0.22900763358778625,0.8936170212765959,0.7629697246310666,0.4078366445916115,13.9
0.00037979145301758306,0.8,0.03885630498533725,0.0,0.039094650205761305,0.7215336948102246,0.3213182286302781,0.5616270075981619,0.043478260869565216,0.27099236641221375,0.0,1.0,0.06484547461368653,33.3
0.0006779822564670202,0.0,0.1315982404692082,0.0,0.257201646090535,0.578040278853602,0.3110195674562307,0.18156422039219255,0.17391304347826086,0.20801526717557245,0.4255319148936172,0.9849383842994067,0.09933774834437087,29.4
